[
{
  "model": "auth.group",
  "pk": 1,
  "fields": {
    "name": "ADMIN",
    "permissions": [
      65,
      286,
      66,
      287,
      67,
      295,
      68,
      288,
      81,
      82,
      83,
      84,
      93,
      94,
      95,
      96,
      97,
      98,
      99,
      100,
      77,
      78,
      79,
      80,
      69,
      70,
      71,
      72,
      285,
      176,
      156,
      160,
      168,
      125,
      126,
      127,
      128,
      117,
      118,
      119,
      120,
      129,
      130,
      131,
      132,
      121,
      122,
      123,
      124,
      225,
      226,
      227,
      228,
      233,
      234,
      235,
      236,
      266,
      265,
      272,
      274,
      278,
      280,
      282,
      270,
      268,
      276,
      61,
      62,
      63,
      64,
      33,
      34,
      35,
      36,
      37,
      38,
      39,
      40,
      41,
      42,
      43,
      44,
      45,
      46,
      47,
      48,
      292,
      185,
      293,
      186,
      187,
      294,
      188,
      213,
      214,
      215,
      216,
      193,
      194,
      195,
      196,
      189,
      190,
      191,
      192,
      197,
      198,
      199,
      200,
      205,
      206,
      208,
      177,
      178,
      180,
      217,
      218,
      219,
      220,
      201,
      202,
      203,
      204,
      181,
      182,
      183,
      184,
      209,
      210,
      211,
      212
    ]
  }
},
{
  "model": "auth.group",
  "pk": 2,
  "fields": {
    "name": "SUPER_ADMIN",
    "permissions": [
      267,
      273,
      275,
      279,
      281,
      283,
      271,
      269,
      277,
      266,
      265,
      272,
      274,
      278,
      280,
      282,
      270,
      268,
      276
    ]
  }
},
{
  "model": "auth.group",
  "pk": 3,
  "fields": {
    "name": "ACCOUNTANT",
    "permissions": [
      173,
      174,
      175,
      176,
      153,
      154,
      155,
      156,
      157,
      158,
      159,
      160,
      165,
      166,
      167,
      168,
      265,
      272,
      40
    ]
  }
},
{
  "model": "auth.group",
  "pk": 4,
  "fields": {
    "name": "TEACHER",
    "permissions": [
      284,
      101,
      104,
      97,
      98,
      100,
      109,
      110,
      112,
      285,
      266,
      265,
      268,
      40
    ]
  }
},
{
  "model": "auth.group",
  "pk": 5,
  "fields": {
    "name": "WARDEN",
    "permissions": [
      117,
      120,
      129,
      130,
      132,
      121,
      124,
      265,
      274,
      276,
      40,
      196,
      192,
      197,
      198,
      200,
      184
    ]
  }
},
{
  "model": "auth.group",
  "pk": 6,
  "fields": {
    "name": "NURSE",
    "permissions": [
      245,
      246,
      248,
      265,
      280,
      40
    ]
  }
},
{
  "model": "auth.group",
  "pk": 7,
  "fields": {
    "name": "LIBRARIAN",
    "permissions": [
      225,
      226,
      228,
      233,
      234,
      236,
      265,
      278,
      40
    ]
  }
},
{
  "model": "auth.group",
  "pk": 8,
  "fields": {
    "name": "PARENT",
    "permissions": [
      265
    ]
  }
},
{
  "model": "auth.group",
  "pk": 9,
  "fields": {
    "name": "STUDENT",
    "permissions": [
      265
    ]
  }
},
{
  "model": "auth.group",
  "pk": 10,
  "fields": {
    "name": "REGISTRAR",
    "permissions": [
      284,
      160,
      120,
      129,
      130,
      132,
      124,
      265,
      274,
      282,
      270,
      268,
      276,
      61,
      62,
      64,
      33,
      34,
      36,
      37,
      38,
      40,
      41,
      44,
      45,
      48,
      196,
      192,
      197,
      198,
      200,
      184
    ]
  }
},
{
  "model": "auth.group",
  "pk": 11,
  "fields": {
    "name": "DOS",
    "permissions": [
      65,
      286,
      289,
      66,
      287,
      290,
      284,
      68,
      288,
      291,
      81,
      82,
      84,
      93,
      94,
      96,
      97,
      98,
      100,
      77,
      78,
      80,
      109,
      110,
      112,
      69,
      70,
      72,
      285,
      266,
      265,
      278,
      282,
      270,
      268,
      64,
      36,
      40
    ]
  }
},
{
  "model": "auth.group",
  "pk": 12,
  "fields": {
    "name": "SUPPORT",
    "permissions": []
  }
},
{
  "model": "authtoken.token",
  "pk": "05cc4406ee56055f418abe5ddd402eb88221954b",
  "fields": {
    "user": 5,
    "created": "2026-02-05T21:08:15.572Z"
  }
},
{
  "model": "authtoken.token",
  "pk": "35f4a2a2bd864ac8422797d2721a53e89575c336",
  "fields": {
    "user": 10,
    "created": "2026-02-06T13:43:29.891Z"
  }
},
{
  "model": "authtoken.token",
  "pk": "7b41089ee17162821ce1bb6e2bff75737401e13a",
  "fields": {
    "user": 3,
    "created": "2026-02-05T21:02:47.518Z"
  }
},
{
  "model": "authtoken.token",
  "pk": "9221907a4d9459e3b4df92d106387632f8f0c273",
  "fields": {
    "user": 7,
    "created": "2026-02-06T12:53:09.673Z"
  }
},
{
  "model": "authtoken.token",
  "pk": "9627d06b99c324086658fec2d487bbca277205d5",
  "fields": {
    "user": 1,
    "created": "2026-02-05T19:29:37.637Z"
  }
},
{
  "model": "authtoken.token",
  "pk": "bcdcc830dad06ad8d6f2c3fabd0d9b60e0dde742",
  "fields": {
    "user": 8,
    "created": "2026-02-05T21:16:45.836Z"
  }
},
{
  "model": "authtoken.token",
  "pk": "dc22cad5f0f636c794d608515468c4d72a689fa9",
  "fields": {
    "user": 6,
    "created": "2026-02-05T21:12:18.346Z"
  }
},
{
  "model": "authtoken.token",
  "pk": "e2e8d60e0926c55775b7cb28917a11a8ac105320",
  "fields": {
    "user": 12,
    "created": "2026-02-06T14:11:44.688Z"
  }
},
{
  "model": "authtoken.token",
  "pk": "eb9b32da677807a6da012f0817c5c51daf88e68f",
  "fields": {
    "user": 4,
    "created": "2026-02-05T21:06:21.684Z"
  }
},
{
  "model": "accounts.user",
  "pk": 1,
  "fields": {
    "password": "pbkdf2_sha256$1200000$iSkQFwFmU4ceHmo8mgJLf9$wfLCQ3A1JUDN084UgOX8I/XIjhxqT6tcefQOSVas1Hg=",
    "last_login": null,
    "is_superuser": true,
    "username": "admin",
    "first_name": "",
    "last_name": "",
    "email": "admin@school.com",
    "is_staff": true,
    "is_active": true,
    "date_joined": "2026-02-05T19:27:45.598Z",
    "role": "ADMIN",
    "groups": [
      1
    ],
    "user_permissions": []
  }
},
{
  "model": "accounts.user",
  "pk": 2,
  "fields": {
    "password": "pbkdf2_sha256$1200000$0fVS9yxVLdvBCz0n7y8n52$LpmEDxztiKCZG/IlWpZpeucaKCw2Ezi8xJYX3G/9Wwg=",
    "last_login": null,
    "is_superuser": false,
    "username": "test_teacher",
    "first_name": "Test",
    "last_name": "Teacher",
    "email": "teacher@school.com",
    "is_staff": false,
    "is_active": true,
    "date_joined": "2026-02-05T20:43:18.889Z",
    "role": "TEACHER",
    "groups": [
      4
    ],
    "user_permissions": []
  }
},
{
  "model": "accounts.user",
  "pk": 3,
  "fields": {
    "password": "pbkdf2_sha256$1200000$iyNyMpPO0d5C1vtXlr2WAj$yfxxCtIX2fOMS04+F7vevv6u6aac8TkQ/mioE6jc1Rg=",
    "last_login": null,
    "is_superuser": false,
    "username": "Njenga05",
    "first_name": "Evans",
    "last_name": "Njenga",
    "email": "tindievans0110@gmail.com",
    "is_staff": false,
    "is_active": true,
    "date_joined": "2026-02-05T21:02:04.284Z",
    "role": "ADMIN",
    "groups": [
      1
    ],
    "user_permissions": []
  }
},
{
  "model": "accounts.user",
  "pk": 4,
  "fields": {
    "password": "pbkdf2_sha256$1200000$yT0rqtyDEBRxlO2wEbID1U$BU2hHVbxFRRk2YduebMJO9EKLZLP/y7MC88h7rfPzSE=",
    "last_login": null,
    "is_superuser": false,
    "username": "Judy",
    "first_name": "Judy",
    "last_name": "Kendi",
    "email": "judykendi@gmail.com",
    "is_staff": false,
    "is_active": true,
    "date_joined": "2026-02-05T21:05:41.129Z",
    "role": "ACCOUNTANT",
    "groups": [
      3
    ],
    "user_permissions": []
  }
},
{
  "model": "accounts.user",
  "pk": 5,
  "fields": {
    "password": "pbkdf2_sha256$1200000$RZOikkzme4u6OErLqgOIfq$R2Bf93z0bW1fb4LSrvpS1jEZ1hbyRveo5vIBddBt7oE=",
    "last_login": null,
    "is_superuser": false,
    "username": "Wambui",
    "first_name": "Ivytania",
    "last_name": "Wambui",
    "email": "wambui@gmail.com",
    "is_staff": false,
    "is_active": true,
    "date_joined": "2026-02-05T21:07:52.622Z",
    "role": "NURSE",
    "groups": [
      6
    ],
    "user_permissions": []
  }
},
{
  "model": "accounts.user",
  "pk": 6,
  "fields": {
    "password": "pbkdf2_sha256$1200000$seinDPU0opFpf1myuRnFyp$8KZcdZ08cq4bKgs9sMAUlCMqbjIV9lARoTjGkAaw01g=",
    "last_login": null,
    "is_superuser": false,
    "username": "Thesa",
    "first_name": "Thesaline",
    "last_name": "Gatui",
    "email": "thesalinerichard@gmail.com",
    "is_staff": false,
    "is_active": true,
    "date_joined": "2026-02-05T21:12:00.101Z",
    "role": "TEACHER",
    "groups": [
      4
    ],
    "user_permissions": []
  }
},
{
  "model": "accounts.user",
  "pk": 7,
  "fields": {
    "password": "pbkdf2_sha256$1200000$ZW8O5smZoW7Jbi2hT8hKjG$YlOdMGKT5wrL10BTXeuWEq2y6ucccLqcqiCL1iSZG9c=",
    "last_login": null,
    "is_superuser": false,
    "username": "Stellah",
    "first_name": "Stellah",
    "last_name": "Kathambi",
    "email": "stellahkathambi@gmail.com",
    "is_staff": false,
    "is_active": true,
    "date_joined": "2026-02-05T21:14:26.099Z",
    "role": "WARDEN",
    "groups": [
      5
    ],
    "user_permissions": []
  }
},
{
  "model": "accounts.user",
  "pk": 8,
  "fields": {
    "password": "pbkdf2_sha256$1200000$RjF8TD3SR7QFz3Zzs3T5gq$PnnrU+P3k52geK0MAXqw908VJZvJN7paV9dO0P0benw=",
    "last_login": null,
    "is_superuser": false,
    "username": "Twiri",
    "first_name": "Caroline",
    "last_name": "Gatwiri",
    "email": "carolinegatwiri@gmail.com",
    "is_staff": false,
    "is_active": true,
    "date_joined": "2026-02-05T21:16:26.797Z",
    "role": "LIBRARIAN",
    "groups": [
      7
    ],
    "user_permissions": []
  }
},
{
  "model": "accounts.user",
  "pk": 9,
  "fields": {
    "password": "pbkdf2_sha256$1200000$GdCg8mnXwI7MQcse1eCctn$LvIf6OxHmvsWEHw5Hi7eSef+j8dkrlj050XyNZ6LxHo=",
    "last_login": null,
    "is_superuser": false,
    "username": "registra",
    "first_name": "",
    "last_name": "",
    "email": "registrar@school.com",
    "is_staff": true,
    "is_active": true,
    "date_joined": "2026-02-06T13:07:41.306Z",
    "role": "REGISTRAR",
    "groups": [
      10
    ],
    "user_permissions": []
  }
},
{
  "model": "accounts.user",
  "pk": 10,
  "fields": {
    "password": "pbkdf2_sha256$1200000$wf8wVF2yXUHlNMSTiR34FJ$hIAn2mbvmkG0iiJwm27jjv5i1WBS/KKALYrw0ljhDsU=",
    "last_login": null,
    "is_superuser": false,
    "username": "Matindi",
    "first_name": "Joseph",
    "last_name": "Matindi",
    "email": "josephmatindi8@gmail.com",
    "is_staff": false,
    "is_active": true,
    "date_joined": "2026-02-06T13:43:10.443Z",
    "role": "REGISTRAR",
    "groups": [
      10
    ],
    "user_permissions": []
  }
},
{
  "model": "accounts.user",
  "pk": 11,
  "fields": {
    "password": "pbkdf2_sha256$1200000$xf9FmnwwTcOUHVwkjMEUoV$5zu35N8zpENTSyHY1K6RohfK3YlFHCeqR7p0m5Blp4k=",
    "last_login": null,
    "is_superuser": false,
    "username": "dos_admin",
    "first_name": "",
    "last_name": "",
    "email": "dos@school.com",
    "is_staff": false,
    "is_active": true,
    "date_joined": "2026-02-06T14:03:03.263Z",
    "role": "DOS",
    "groups": [
      11
    ],
    "user_permissions": []
  }
},
{
  "model": "accounts.user",
  "pk": 12,
  "fields": {
    "password": "pbkdf2_sha256$1200000$yuQnfyyWcl5L3bef7oRSZ1$bBVcJavjeZg7bBv+yDYMDfj0npp6llKOyssA8pv9LTM=",
    "last_login": null,
    "is_superuser": false,
    "username": "Susan",
    "first_name": "Susan",
    "last_name": "Karimu",
    "email": "susankarimi@gmail.com",
    "is_staff": false,
    "is_active": true,
    "date_joined": "2026-02-06T14:11:29.406Z",
    "role": "DOS",
    "groups": [
      11
    ],
    "user_permissions": []
  }
},
{
  "model": "accounts.user",
  "pk": 13,
  "fields": {
    "password": "pbkdf2_sha256$1200000$bak6BnfMk8DrZF4ZJgRuKL$IpuJqfEWdleIP4bQ69/7hVXiRpZ9gMXzv4PaJBDMQ9E=",
    "last_login": null,
    "is_superuser": false,
    "username": "Nicholas",
    "first_name": "Nicholas",
    "last_name": "Kinyua",
    "email": "kinyuanicholas118@gmail.com",
    "is_staff": false,
    "is_active": true,
    "date_joined": "2026-02-06T14:43:55.099Z",
    "role": "TEACHER",
    "groups": [
      4
    ],
    "user_permissions": []
  }
},
{
  "model": "accounts.user",
  "pk": 14,
  "fields": {
    "password": "pbkdf2_sha256$1200000$Z4NYkDYX4L4g4oGImBoJyw$B9S1LiYwDadTVcsaKKRvwCJ0CmOiVdVYS4rk5yepyCk=",
    "last_login": null,
    "is_superuser": false,
    "username": "ADM-1062",
    "first_name": "Frankline",
    "last_name": "Murangiri",
    "email": "",
    "is_staff": false,
    "is_active": false,
    "date_joined": "2026-02-07T12:07:36.835Z",
    "role": "STUDENT",
    "groups": [
      9
    ],
    "user_permissions": []
  }
},
{
  "model": "accounts.user",
  "pk": 15,
  "fields": {
    "password": "pbkdf2_sha256$1200000$Yvd2FBEbD1hgavsnH95DF9$c+655D99TydahEQ6k5sQt2b2tWOBI4+BELS4+ZbFppE=",
    "last_login": null,
    "is_superuser": false,
    "username": "REF-013",
    "first_name": "Kamau",
    "last_name": "Kim",
    "email": "",
    "is_staff": false,
    "is_active": true,
    "date_joined": "2026-02-07T19:07:58.157Z",
    "role": "SUPPORT",
    "groups": [
      12
    ],
    "user_permissions": []
  }
},
{
  "model": "accounts.user",
  "pk": 16,
  "fields": {
    "password": "pbkdf2_sha256$1200000$Rl6Ms9QpzMomM5nOM9G8HP$AfFDA/yrTx0bUBki/mMIQQUJMdxuiJ4xqNbPoc1RArw=",
    "last_login": null,
    "is_superuser": false,
    "username": "ADM-8636",
    "first_name": "Frankline",
    "last_name": "Murangiri",
    "email": "",
    "is_staff": false,
    "is_active": true,
    "date_joined": "2026-02-07T21:21:42.266Z",
    "role": "STUDENT",
    "groups": [
      9
    ],
    "user_permissions": []
  }
},
{
  "model": "accounts.user",
  "pk": 17,
  "fields": {
    "password": "pbkdf2_sha256$1200000$Wn33KgjZq3tmlazNVFplUG$jDdEpb8WKWL5mFo7n3wg84iJR9mxSWvLqqws48e/B98=",
    "last_login": null,
    "is_superuser": false,
    "username": "ADM-3269",
    "first_name": "Mary",
    "last_name": "Musioka",
    "email": "",
    "is_staff": false,
    "is_active": true,
    "date_joined": "2026-02-07T21:40:40.621Z",
    "role": "STUDENT",
    "groups": [
      9
    ],
    "user_permissions": []
  }
},
{
  "model": "accounts.user",
  "pk": 18,
  "fields": {
    "password": "pbkdf2_sha256$1200000$NRx14xwev5BBO9jGkrGiqt$oLJzV2U+h+DQZ0Jq65ZsbYBdutxXyu6kEUNTnwLP6Wg=",
    "last_login": null,
    "is_superuser": false,
    "username": "ADM-5435",
    "first_name": "Raphael",
    "last_name": "Mungai",
    "email": "",
    "is_staff": false,
    "is_active": true,
    "date_joined": "2026-02-07T21:43:15.320Z",
    "role": "STUDENT",
    "groups": [
      9
    ],
    "user_permissions": []
  }
},
{
  "model": "accounts.user",
  "pk": 19,
  "fields": {
    "password": "pbkdf2_sha256$1200000$zjq66NkT4SENI6bEU4bGIv$76gR+OR4aa2s5AGze6bFLkMiGZWKaAc5PPcwVXG31lY=",
    "last_login": null,
    "is_superuser": false,
    "username": "ADM-8300",
    "first_name": "Elsie",
    "last_name": "Kathomi",
    "email": "",
    "is_staff": false,
    "is_active": true,
    "date_joined": "2026-02-07T21:45:27.808Z",
    "role": "STUDENT",
    "groups": [
      9
    ],
    "user_permissions": []
  }
},
{
  "model": "accounts.user",
  "pk": 20,
  "fields": {
    "password": "pbkdf2_sha256$1200000$aNdgWtdfY2nOZl1VjWP7nl$ngHoLCQwJk5Hz0agfNaygKoD7x8elf0pdlkKdf4FJ8Y=",
    "last_login": null,
    "is_superuser": false,
    "username": "ADM-3869",
    "first_name": "mwiti",
    "last_name": "Jamlo",
    "email": "",
    "is_staff": false,
    "is_active": true,
    "date_joined": "2026-02-07T21:49:53.498Z",
    "role": "STUDENT",
    "groups": [
      9
    ],
    "user_permissions": []
  }
},
{
  "model": "accounts.user",
  "pk": 21,
  "fields": {
    "password": "pbkdf2_sha256$1200000$G3xyIiefukGLXQVv9yNkWT$lWpT4nv66QW8NllvP8bQOuMd4XOQ1F0so3sRMPUQWSI=",
    "last_login": null,
    "is_superuser": false,
    "username": "ADM-1975",
    "first_name": "Wedy",
    "last_name": "kanario",
    "email": "",
    "is_staff": false,
    "is_active": true,
    "date_joined": "2026-02-07T21:53:21.577Z",
    "role": "STUDENT",
    "groups": [
      9
    ],
    "user_permissions": []
  }
},
{
  "model": "accounts.user",
  "pk": 22,
  "fields": {
    "password": "pbkdf2_sha256$1200000$PhBtbLH6sCdb6sP3YReRmH$NN7chdm/1hxApsjWZPbAq/XL4gqZxudXw2Qer4Rox1s=",
    "last_login": null,
    "is_superuser": false,
    "username": "ADM-7866",
    "first_name": "Edwin",
    "last_name": "Mugira",
    "email": "",
    "is_staff": false,
    "is_active": true,
    "date_joined": "2026-02-07T22:00:58.307Z",
    "role": "STUDENT",
    "groups": [
      9
    ],
    "user_permissions": []
  }
},
{
  "model": "accounts.user",
  "pk": 23,
  "fields": {
    "password": "pbkdf2_sha256$1200000$7F7iJMJVBMWZ4BEm7gRn6b$f/sNaVOikYU/X9wiA0ZLkFG9iWUEpFhZwyTFajizDiY=",
    "last_login": null,
    "is_superuser": false,
    "username": "ADM-2422",
    "first_name": "Linet",
    "last_name": "Line",
    "email": "",
    "is_staff": false,
    "is_active": true,
    "date_joined": "2026-02-07T22:10:29.242Z",
    "role": "STUDENT",
    "groups": [
      9
    ],
    "user_permissions": []
  }
},
{
  "model": "accounts.user",
  "pk": 24,
  "fields": {
    "password": "pbkdf2_sha256$1200000$NcN7qW16ZiUNxE4qHiPmHA$26jLsVT1pc8ltvNO3evYd8XeihtBnDQQ5xRhu+ZEP3M=",
    "last_login": null,
    "is_superuser": false,
    "username": "ADM-6978",
    "first_name": "Dere",
    "last_name": "Munene",
    "email": "",
    "is_staff": false,
    "is_active": true,
    "date_joined": "2026-02-07T22:12:13.301Z",
    "role": "STUDENT",
    "groups": [
      9
    ],
    "user_permissions": []
  }
},
{
  "model": "accounts.user",
  "pk": 25,
  "fields": {
    "password": "pbkdf2_sha256$1200000$IGvqPIM4N2TK468hJd7aWq$TY2BStzgehB/OBN0OdL6JwOmzesIiPEh0dZ1Xsik1eE=",
    "last_login": null,
    "is_superuser": false,
    "username": "ADM-9156",
    "first_name": "Vivian",
    "last_name": "Njoki",
    "email": "",
    "is_staff": false,
    "is_active": true,
    "date_joined": "2026-02-07T22:14:02.207Z",
    "role": "STUDENT",
    "groups": [
      9
    ],
    "user_permissions": []
  }
},
{
  "model": "accounts.user",
  "pk": 26,
  "fields": {
    "password": "pbkdf2_sha256$1200000$rjRVjE6hUIGNlK2dTKKwAE$W8M25IZ7awd1NkSAa/6/NOvpDmsaGOt8Av/xsIHpGS0=",
    "last_login": null,
    "is_superuser": false,
    "username": "ADM-1780",
    "first_name": "Nkunja",
    "last_name": "prince",
    "email": "",
    "is_staff": false,
    "is_active": true,
    "date_joined": "2026-02-07T22:15:32.750Z",
    "role": "STUDENT",
    "groups": [
      9
    ],
    "user_permissions": []
  }
},
{
  "model": "accounts.user",
  "pk": 27,
  "fields": {
    "password": "pbkdf2_sha256$1200000$I0NO2hhTMZ1JjxxzRRVYGj$K+tKy++tlNKPZrV7clQH1Q1bTr9i7H/NeNg64sZGW90=",
    "last_login": null,
    "is_superuser": false,
    "username": "ADM-7440",
    "first_name": "Jeffer",
    "last_name": "Nkunja",
    "email": "",
    "is_staff": false,
    "is_active": true,
    "date_joined": "2026-02-07T22:17:13.723Z",
    "role": "STUDENT",
    "groups": [
      9
    ],
    "user_permissions": []
  }
},
{
  "model": "accounts.user",
  "pk": 28,
  "fields": {
    "password": "pbkdf2_sha256$1200000$UHbQSERUHWFbclfjPBrnu3$IGTps2dz2YhqkgXxhYtq2XSvYuzoMJ6EpeH17q1vxZ4=",
    "last_login": null,
    "is_superuser": false,
    "username": "ADM-8416",
    "first_name": "Imma",
    "last_name": "Nkunja",
    "email": "",
    "is_staff": false,
    "is_active": true,
    "date_joined": "2026-02-07T22:18:23.220Z",
    "role": "STUDENT",
    "groups": [
      9
    ],
    "user_permissions": []
  }
},
{
  "model": "accounts.user",
  "pk": 29,
  "fields": {
    "password": "pbkdf2_sha256$1200000$yqX4nzFjcevSQ828CM2JOc$OtXFLC0bESxZdA0KZSBArWaNNvfuj4d0Ep01fy1h+UY=",
    "last_login": null,
    "is_superuser": false,
    "username": "ADM-1773",
    "first_name": "Brendah",
    "last_name": "Gakii",
    "email": "",
    "is_staff": false,
    "is_active": true,
    "date_joined": "2026-02-07T22:21:49.232Z",
    "role": "STUDENT",
    "groups": [
      9
    ],
    "user_permissions": []
  }
},
{
  "model": "accounts.user",
  "pk": 30,
  "fields": {
    "password": "pbkdf2_sha256$1200000$5LyvIkvEdDTr2PSfQzBCgw$7XsmYDNE8ybNgquuIv7RLWAwitUkzixY+CnTGamlUUk=",
    "last_login": null,
    "is_superuser": false,
    "username": "ADM-2886",
    "first_name": "Yvonne",
    "last_name": "Nyawira",
    "email": "",
    "is_staff": false,
    "is_active": true,
    "date_joined": "2026-02-07T22:31:06.582Z",
    "role": "STUDENT",
    "groups": [
      9
    ],
    "user_permissions": []
  }
},
{
  "model": "accounts.user",
  "pk": 31,
  "fields": {
    "password": "pbkdf2_sha256$1200000$eIJNUGYMhnpsTGIKGL2RWy$8jLsBfnNtipbLjCVWMJqe+AY0zV+gUP6RaZ8xoOlfHI=",
    "last_login": null,
    "is_superuser": false,
    "username": "ADM-1533",
    "first_name": "Gladys",
    "last_name": "Gakii",
    "email": "",
    "is_staff": false,
    "is_active": true,
    "date_joined": "2026-02-07T22:34:41.963Z",
    "role": "STUDENT",
    "groups": [
      9
    ],
    "user_permissions": []
  }
},
{
  "model": "accounts.user",
  "pk": 32,
  "fields": {
    "password": "pbkdf2_sha256$1200000$WlPUsMeSlUjkQx5gPwSA2W$g8C+g6PYboy7BkFB6TW4AL+9UbZ7YeuYOh4oNPCuecI=",
    "last_login": null,
    "is_superuser": false,
    "username": "ADM-1659",
    "first_name": "Elsy",
    "last_name": "Gakii",
    "email": "",
    "is_staff": false,
    "is_active": true,
    "date_joined": "2026-02-07T22:35:52.942Z",
    "role": "STUDENT",
    "groups": [
      9
    ],
    "user_permissions": []
  }
},
{
  "model": "accounts.user",
  "pk": 33,
  "fields": {
    "password": "pbkdf2_sha256$1200000$OtTfkH9wgzhfqXkOLKwZwJ$YTFYE2r/uRNm3hT22uIW3M1Gsv6jmuoDGm1JunrVmkE=",
    "last_login": null,
    "is_superuser": false,
    "username": "ADM-8100",
    "first_name": "Damaris",
    "last_name": "njoki",
    "email": "",
    "is_staff": false,
    "is_active": true,
    "date_joined": "2026-02-07T22:36:56.266Z",
    "role": "STUDENT",
    "groups": [
      9
    ],
    "user_permissions": []
  }
},
{
  "model": "accounts.user",
  "pk": 34,
  "fields": {
    "password": "pbkdf2_sha256$1200000$yVnSNt4xvfgACtC2sWRUp4$zQ5MIHhXgIpin9Nk337cMuTCqG6yEkA1Nk4hl+fpPm0=",
    "last_login": null,
    "is_superuser": false,
    "username": "ADM-3980",
    "first_name": "Muthomi",
    "last_name": "Josiah",
    "email": "",
    "is_staff": false,
    "is_active": true,
    "date_joined": "2026-02-07T22:38:05.372Z",
    "role": "STUDENT",
    "groups": [
      9
    ],
    "user_permissions": []
  }
},
{
  "model": "accounts.user",
  "pk": 35,
  "fields": {
    "password": "pbkdf2_sha256$1200000$TwAQndt1NZMmSIcFz9PXwA$FZLPF+qmh7T297fuUASNin9IM4TQ5SLlbMSPK3GbxRY=",
    "last_login": null,
    "is_superuser": false,
    "username": "ADM-8526",
    "first_name": "Elvis",
    "last_name": "Ngaluu",
    "email": "",
    "is_staff": false,
    "is_active": true,
    "date_joined": "2026-02-07T22:39:17.337Z",
    "role": "STUDENT",
    "groups": [
      9
    ],
    "user_permissions": []
  }
},
{
  "model": "accounts.user",
  "pk": 36,
  "fields": {
    "password": "pbkdf2_sha256$1200000$ZnmMad56wyGRrFDDKJe0yM$rgbXCi6VBThvqbLcEhD7zZzhlLf6oEnyCu5f2opE7TQ=",
    "last_login": null,
    "is_superuser": false,
    "username": "ADM-9227",
    "first_name": "Kim",
    "last_name": "Kimani",
    "email": "",
    "is_staff": false,
    "is_active": true,
    "date_joined": "2026-02-07T22:58:49.831Z",
    "role": "STUDENT",
    "groups": [
      9
    ],
    "user_permissions": []
  }
},
{
  "model": "accounts.user",
  "pk": 37,
  "fields": {
    "password": "pbkdf2_sha256$1200000$k1AmCpagnNHrmGqwmC6qgS$6wwo9wFhfOqUnH1e/tM9kW2ENFW8ZshTtdCZYyhPGAU=",
    "last_login": null,
    "is_superuser": false,
    "username": "ADM-2414",
    "first_name": "Steven",
    "last_name": "Kariuki",
    "email": "",
    "is_staff": false,
    "is_active": true,
    "date_joined": "2026-02-07T23:01:37.572Z",
    "role": "STUDENT",
    "groups": [
      9
    ],
    "user_permissions": []
  }
},
{
  "model": "accounts.user",
  "pk": 38,
  "fields": {
    "password": "pbkdf2_sha256$1200000$iChZHFsjFgVoY9YD84Ylhr$6jqy06uUi+DpEpsxtGYOUjs1wwwDRdpC1l9z2oB+ROk=",
    "last_login": null,
    "is_superuser": false,
    "username": "ADM-5781",
    "first_name": "Abedinego",
    "last_name": "Safari",
    "email": "",
    "is_staff": false,
    "is_active": true,
    "date_joined": "2026-02-07T23:03:30.801Z",
    "role": "STUDENT",
    "groups": [
      9
    ],
    "user_permissions": []
  }
},
{
  "model": "accounts.user",
  "pk": 39,
  "fields": {
    "password": "pbkdf2_sha256$1200000$NlnK9eSiXels3vDdcbfgWy$WLor2ZMUN2Z/EvXHw8ExITsvFDA6MKa1FwXbzdPXM/k=",
    "last_login": null,
    "is_superuser": false,
    "username": "ADM-2530",
    "first_name": "Mwandiki",
    "last_name": "Kabee",
    "email": "",
    "is_staff": false,
    "is_active": true,
    "date_joined": "2026-02-07T23:09:07.116Z",
    "role": "STUDENT",
    "groups": [
      9
    ],
    "user_permissions": []
  }
},
{
  "model": "accounts.user",
  "pk": 40,
  "fields": {
    "password": "pbkdf2_sha256$1200000$i33mq8SsBiZSsX4GnAaDJm$y8DrEGT0R/fEE+mPmlCtqCFaEqrU/ECvJp9u0zmMkIQ=",
    "last_login": null,
    "is_superuser": false,
    "username": "ADM-6014",
    "first_name": "Dan",
    "last_name": "kaberia",
    "email": "",
    "is_staff": false,
    "is_active": true,
    "date_joined": "2026-02-07T23:10:19.770Z",
    "role": "STUDENT",
    "groups": [
      9
    ],
    "user_permissions": []
  }
},
{
  "model": "accounts.user",
  "pk": 41,
  "fields": {
    "password": "pbkdf2_sha256$1200000$E37uPKpw0rhpx2Zbwgi7Jv$DWSFNKA23w5U4rAtLjyCjQN8PxVWhSI0l8GpNSQmbSo=",
    "last_login": null,
    "is_superuser": false,
    "username": "ADM-1019",
    "first_name": "Mark",
    "last_name": "collins",
    "email": "",
    "is_staff": false,
    "is_active": true,
    "date_joined": "2026-02-07T23:11:18.143Z",
    "role": "STUDENT",
    "groups": [
      9
    ],
    "user_permissions": []
  }
},
{
  "model": "accounts.user",
  "pk": 42,
  "fields": {
    "password": "pbkdf2_sha256$1200000$4JGdYSFbYwM4cVUXUmUkBO$sICkG7htFEWFf5uXPUa9Jd6hKNiN9/U36lELTp9oT5I=",
    "last_login": null,
    "is_superuser": false,
    "username": "ADM-5911",
    "first_name": "Brian",
    "last_name": "kirii",
    "email": "",
    "is_staff": false,
    "is_active": true,
    "date_joined": "2026-02-07T23:12:16.354Z",
    "role": "STUDENT",
    "groups": [
      9
    ],
    "user_permissions": []
  }
},
{
  "model": "accounts.user",
  "pk": 43,
  "fields": {
    "password": "pbkdf2_sha256$1200000$j0FBWCQoHX6olqGWJtIfJD$GfczV8+j+5EHwAFRtkub17JIgVIaGsmp3xbdc5BPXuI=",
    "last_login": null,
    "is_superuser": false,
    "username": "ADM-7123",
    "first_name": "viera",
    "last_name": "kelvin",
    "email": "",
    "is_staff": false,
    "is_active": true,
    "date_joined": "2026-02-07T23:13:12.368Z",
    "role": "STUDENT",
    "groups": [
      9
    ],
    "user_permissions": []
  }
},
{
  "model": "accounts.user",
  "pk": 44,
  "fields": {
    "password": "pbkdf2_sha256$1200000$ox9byk6nAfZVl4xJZyr3vY$YUrdBONmNU/TjfR5mriH6unOfTMBKYvAQMe2nxzB1zY=",
    "last_login": null,
    "is_superuser": false,
    "username": "ADM-5209",
    "first_name": "Evans",
    "last_name": "Munene",
    "email": "",
    "is_staff": false,
    "is_active": true,
    "date_joined": "2026-02-07T23:14:29.190Z",
    "role": "STUDENT",
    "groups": [
      9
    ],
    "user_permissions": []
  }
},
{
  "model": "accounts.user",
  "pk": 45,
  "fields": {
    "password": "pbkdf2_sha256$1200000$Y6JIHlbd06NvCibuQIl6sr$hc3gx9ruRNEcErCTh3S0RzP1Vkkte5jvI5KzY6AUqeQ=",
    "last_login": null,
    "is_superuser": false,
    "username": "ADM-2811",
    "first_name": "Dan",
    "last_name": "muretu",
    "email": "",
    "is_staff": false,
    "is_active": true,
    "date_joined": "2026-02-07T23:15:29.399Z",
    "role": "STUDENT",
    "groups": [
      9
    ],
    "user_permissions": []
  }
},
{
  "model": "accounts.user",
  "pk": 46,
  "fields": {
    "password": "pbkdf2_sha256$1200000$r60006rz4Hv74oEpJvqeAP$sy9aczb3/sVajfGOgisbL13evUN27VxTQ+RT1aVvusg=",
    "last_login": null,
    "is_superuser": false,
    "username": "ADM-6410",
    "first_name": "Lindah",
    "last_name": "lish",
    "email": "",
    "is_staff": false,
    "is_active": true,
    "date_joined": "2026-02-07T23:19:25.584Z",
    "role": "STUDENT",
    "groups": [
      9
    ],
    "user_permissions": []
  }
},
{
  "model": "accounts.user",
  "pk": 47,
  "fields": {
    "password": "pbkdf2_sha256$1200000$d4Vhm6cP50OZZaIGUsF3Jf$uNyZz0Q8+DtRrMf+BZee3CB803uTuPiN2MjnKnhzT+8=",
    "last_login": null,
    "is_superuser": false,
    "username": "ADM-3892",
    "first_name": "Kinya",
    "last_name": "karen",
    "email": "",
    "is_staff": false,
    "is_active": true,
    "date_joined": "2026-02-07T23:30:09.423Z",
    "role": "STUDENT",
    "groups": [
      9
    ],
    "user_permissions": []
  }
},
{
  "model": "accounts.user",
  "pk": 48,
  "fields": {
    "password": "pbkdf2_sha256$1200000$62ofW7Ym3rT5gb7KkcSZqV$9eb9Mu2K514lIQAh3Iw5Eof4XPkuaRNZHvoWUud39OI=",
    "last_login": null,
    "is_superuser": false,
    "username": "ADM-5167",
    "first_name": "maryann",
    "last_name": "joyce",
    "email": "",
    "is_staff": false,
    "is_active": true,
    "date_joined": "2026-02-07T23:33:02.232Z",
    "role": "STUDENT",
    "groups": [
      9
    ],
    "user_permissions": []
  }
},
{
  "model": "accounts.user",
  "pk": 49,
  "fields": {
    "password": "pbkdf2_sha256$1200000$nObx3edexLgjW4P53OQ60K$9e/4Jkm1yNEtO4U3qWO3yr7dUVYF2Ykp7ldtNSnArXg=",
    "last_login": null,
    "is_superuser": false,
    "username": "ADM-7628",
    "first_name": "Rittah",
    "last_name": "gakii",
    "email": "",
    "is_staff": false,
    "is_active": true,
    "date_joined": "2026-02-07T23:35:24.561Z",
    "role": "STUDENT",
    "groups": [
      9
    ],
    "user_permissions": []
  }
},
{
  "model": "accounts.user",
  "pk": 50,
  "fields": {
    "password": "pbkdf2_sha256$1200000$0OAmeXFcMgJs7AuoU8Ta8j$D1jCkSKF6HgIbwjKdPw0OEoBHuOA0v/6Hm55QKcFhrQ=",
    "last_login": null,
    "is_superuser": false,
    "username": "ADM-2111",
    "first_name": "Njoki",
    "last_name": "Joel",
    "email": "",
    "is_staff": false,
    "is_active": true,
    "date_joined": "2026-02-07T23:37:55.313Z",
    "role": "STUDENT",
    "groups": [
      9
    ],
    "user_permissions": []
  }
},
{
  "model": "accounts.user",
  "pk": 51,
  "fields": {
    "password": "pbkdf2_sha256$1200000$uNThAzMJukmD4uNsUMn6uL$sgublOsImI/T0UT/RYiICYJPape7RM4CdsfZPKymJk4=",
    "last_login": null,
    "is_superuser": false,
    "username": "ADM-7451",
    "first_name": "Glory",
    "last_name": "",
    "email": "",
    "is_staff": false,
    "is_active": true,
    "date_joined": "2026-02-07T23:39:01.641Z",
    "role": "STUDENT",
    "groups": [
      9
    ],
    "user_permissions": []
  }
},
{
  "model": "accounts.user",
  "pk": 52,
  "fields": {
    "password": "pbkdf2_sha256$1200000$WOP0dT4MblRf4t1jzSkk3H$1IhyLXaXTnmqHU5npg/srB07ByajoHCwuhDhxfeTayY=",
    "last_login": null,
    "is_superuser": false,
    "username": "ADM-9896",
    "first_name": "sambi",
    "last_name": "kimoo",
    "email": "",
    "is_staff": false,
    "is_active": true,
    "date_joined": "2026-02-07T23:40:58.796Z",
    "role": "STUDENT",
    "groups": [
      9
    ],
    "user_permissions": []
  }
},
{
  "model": "accounts.user",
  "pk": 53,
  "fields": {
    "password": "pbkdf2_sha256$1200000$AoU4YJpg4CoF0qJR4YXUGw$FEum8NC1KoVwDMdm1WnChpYVWVkWBpjOVpPLh7/VWIo=",
    "last_login": null,
    "is_superuser": false,
    "username": "ADM-4199",
    "first_name": "Tabby",
    "last_name": "Mueni",
    "email": "",
    "is_staff": false,
    "is_active": true,
    "date_joined": "2026-02-07T23:41:58.460Z",
    "role": "STUDENT",
    "groups": [
      9
    ],
    "user_permissions": []
  }
},
{
  "model": "accounts.user",
  "pk": 54,
  "fields": {
    "password": "pbkdf2_sha256$1200000$JjFfSo4UUtVa2x2eSoSmB6$6HL/ktAIEGrEPSbakgKE9rG/fXPwu5aZUHZXjz7Gqik=",
    "last_login": null,
    "is_superuser": false,
    "username": "ADM-4514",
    "first_name": "Zariah",
    "last_name": "Jade Evans",
    "email": "",
    "is_staff": false,
    "is_active": true,
    "date_joined": "2026-02-07T23:43:17.073Z",
    "role": "STUDENT",
    "groups": [
      9
    ],
    "user_permissions": []
  }
},
{
  "model": "accounts.user",
  "pk": 55,
  "fields": {
    "password": "pbkdf2_sha256$1200000$OxdZlevVYkv4O2WeabeiBp$8HeabG3NJS7W4fOKnPKQPT68PlyfJU1et8PZoJmnJ5o=",
    "last_login": null,
    "is_superuser": false,
    "username": "ADM-2763",
    "first_name": "Ivytania",
    "last_name": "Wambui",
    "email": "",
    "is_staff": false,
    "is_active": true,
    "date_joined": "2026-02-07T23:44:31.859Z",
    "role": "STUDENT",
    "groups": [
      9
    ],
    "user_permissions": []
  }
},
{
  "model": "accounts.user",
  "pk": 56,
  "fields": {
    "password": "pbkdf2_sha256$1200000$fc3IMU5JXCUwAVxOsnpCnh$IVwHPKpscj6ed1Z+2irs5FFevTs2yz6+QNVKqFuWOqs=",
    "last_login": null,
    "is_superuser": false,
    "username": "TEST999",
    "first_name": "Test",
    "last_name": "Student",
    "email": "",
    "is_staff": false,
    "is_active": true,
    "date_joined": "2026-02-07T23:58:03.364Z",
    "role": "STUDENT",
    "groups": [
      9
    ],
    "user_permissions": []
  }
},
{
  "model": "students.parent",
  "pk": 2,
  "fields": {
    "full_name": "Miritii M",
    "relationship": "GUARDIAN",
    "phone": "+254789098890",
    "email": null,
    "occupation": "N/A",
    "address": "N/A",
    "user": null
  }
},
{
  "model": "students.parent",
  "pk": 3,
  "fields": {
    "full_name": "Musioka M",
    "relationship": "GUARDIAN",
    "phone": "+254765456654",
    "email": null,
    "occupation": "N/A",
    "address": "N/A",
    "user": null
  }
},
{
  "model": "students.parent",
  "pk": 4,
  "fields": {
    "full_name": "henry miyuri",
    "relationship": "GUARDIAN",
    "phone": "+254723123321",
    "email": null,
    "occupation": "N/A",
    "address": "N/A",
    "user": null
  }
},
{
  "model": "students.parent",
  "pk": 5,
  "fields": {
    "full_name": "Kibiti",
    "relationship": "GUARDIAN",
    "phone": "+25476776677668",
    "email": null,
    "occupation": "N/A",
    "address": "N/A",
    "user": null
  }
},
{
  "model": "students.parent",
  "pk": 6,
  "fields": {
    "full_name": "jamlo jm",
    "relationship": "GUARDIAN",
    "phone": "+25445455445",
    "email": null,
    "occupation": "N/A",
    "address": "N/A",
    "user": null
  }
},
{
  "model": "students.parent",
  "pk": 7,
  "fields": {
    "full_name": "Kainga M",
    "relationship": "GUARDIAN",
    "phone": "+254767766776",
    "email": null,
    "occupation": "N/A",
    "address": "N/A",
    "user": null
  }
},
{
  "model": "students.parent",
  "pk": 8,
  "fields": {
    "full_name": "Kibiti M",
    "relationship": "GUARDIAN",
    "phone": "+254776889009",
    "email": null,
    "occupation": "N/A",
    "address": "N/A",
    "user": null
  }
},
{
  "model": "students.parent",
  "pk": 9,
  "fields": {
    "full_name": "Kathoni Kainga",
    "relationship": "GUARDIAN",
    "phone": "+254712121221",
    "email": null,
    "occupation": "N/A",
    "address": "N/A",
    "user": null
  }
},
{
  "model": "students.parent",
  "pk": 10,
  "fields": {
    "full_name": "Kathoni Kainga",
    "relationship": "GUARDIAN",
    "phone": "+254712121221",
    "email": null,
    "occupation": "N/A",
    "address": "N/A",
    "user": null
  }
},
{
  "model": "students.parent",
  "pk": 11,
  "fields": {
    "full_name": "Nkunja Richard",
    "relationship": "GUARDIAN",
    "phone": "+25476545343212",
    "email": null,
    "occupation": "N/A",
    "address": "N/A",
    "user": null
  }
},
{
  "model": "students.parent",
  "pk": 12,
  "fields": {
    "full_name": "Richard n",
    "relationship": "GUARDIAN",
    "phone": "+254767890098",
    "email": null,
    "occupation": "N/A",
    "address": "N/A",
    "user": null
  }
},
{
  "model": "students.parent",
  "pk": 13,
  "fields": {
    "full_name": "Richard N",
    "relationship": "GUARDIAN",
    "phone": "+2547654324566",
    "email": null,
    "occupation": "N/A",
    "address": "N/A",
    "user": null
  }
},
{
  "model": "students.parent",
  "pk": 14,
  "fields": {
    "full_name": "Cecilia Kendi",
    "relationship": "GUARDIAN",
    "phone": "+25467876654",
    "email": null,
    "occupation": "N/A",
    "address": "N/A",
    "user": null
  }
},
{
  "model": "students.parent",
  "pk": 15,
  "fields": {
    "full_name": "Mange",
    "relationship": "GUARDIAN",
    "phone": "+254765321145",
    "email": null,
    "occupation": "N/A",
    "address": "N/A",
    "user": null
  }
},
{
  "model": "students.parent",
  "pk": 16,
  "fields": {
    "full_name": "Nyawesh",
    "relationship": "GUARDIAN",
    "phone": "+254765543443",
    "email": null,
    "occupation": "N/A",
    "address": "N/A",
    "user": null
  }
},
{
  "model": "students.parent",
  "pk": 17,
  "fields": {
    "full_name": "Power",
    "relationship": "GUARDIAN",
    "phone": "+254766554433",
    "email": null,
    "occupation": "N/A",
    "address": "N/A",
    "user": null
  }
},
{
  "model": "students.parent",
  "pk": 18,
  "fields": {
    "full_name": "Elloi M",
    "relationship": "GUARDIAN",
    "phone": "0765452457",
    "email": null,
    "occupation": "N/A",
    "address": "N/A",
    "user": null
  }
},
{
  "model": "students.parent",
  "pk": 19,
  "fields": {
    "full_name": "Njoks Mwelu",
    "relationship": "GUARDIAN",
    "phone": "0712211221",
    "email": null,
    "occupation": "N/A",
    "address": "N/A",
    "user": null
  }
},
{
  "model": "students.parent",
  "pk": 20,
  "fields": {
    "full_name": "kamenchu",
    "relationship": "GUARDIAN",
    "phone": "079889988990",
    "email": null,
    "occupation": "N/A",
    "address": "N/A",
    "user": null
  }
},
{
  "model": "students.parent",
  "pk": 21,
  "fields": {
    "full_name": "Ngaluu",
    "relationship": "GUARDIAN",
    "phone": "076778899009",
    "email": null,
    "occupation": "N/A",
    "address": "N/A",
    "user": null
  }
},
{
  "model": "students.parent",
  "pk": 22,
  "fields": {
    "full_name": "Kimani",
    "relationship": "GUARDIAN",
    "phone": "0789908890",
    "email": null,
    "occupation": "N/A",
    "address": "N/A",
    "user": null
  }
},
{
  "model": "students.parent",
  "pk": 23,
  "fields": {
    "full_name": "Kariuki",
    "relationship": "GUARDIAN",
    "phone": "0765453212",
    "email": null,
    "occupation": "N/A",
    "address": "N/A",
    "user": null
  }
},
{
  "model": "students.parent",
  "pk": 24,
  "fields": {
    "full_name": "kiburi",
    "relationship": "GUARDIAN",
    "phone": "0767541234",
    "email": null,
    "occupation": "N/A",
    "address": "N/A",
    "user": null
  }
},
{
  "model": "students.parent",
  "pk": 25,
  "fields": {
    "full_name": "Mwandiksaa",
    "relationship": "GUARDIAN",
    "phone": "0742343587",
    "email": null,
    "occupation": "N/A",
    "address": "N/A",
    "user": null
  }
},
{
  "model": "students.parent",
  "pk": 26,
  "fields": {
    "full_name": "akindi",
    "relationship": "GUARDIAN",
    "phone": "0789998800",
    "email": null,
    "occupation": "N/A",
    "address": "N/A",
    "user": null
  }
},
{
  "model": "students.parent",
  "pk": 27,
  "fields": {
    "full_name": "mwaro",
    "relationship": "GUARDIAN",
    "phone": "0789543421",
    "email": null,
    "occupation": "N/A",
    "address": "N/A",
    "user": null
  }
},
{
  "model": "students.parent",
  "pk": 28,
  "fields": {
    "full_name": "wamucii",
    "relationship": "GUARDIAN",
    "phone": "0765457898",
    "email": null,
    "occupation": "N/A",
    "address": "N/A",
    "user": null
  }
},
{
  "model": "students.parent",
  "pk": 29,
  "fields": {
    "full_name": "kobia kau",
    "relationship": "GUARDIAN",
    "phone": "0765453233",
    "email": null,
    "occupation": "N/A",
    "address": "N/A",
    "user": null
  }
},
{
  "model": "students.parent",
  "pk": 30,
  "fields": {
    "full_name": "michubu josee",
    "relationship": "GUARDIAN",
    "phone": "0789900998",
    "email": null,
    "occupation": "N/A",
    "address": "N/A",
    "user": null
  }
},
{
  "model": "students.parent",
  "pk": 31,
  "fields": {
    "full_name": "Mbiri mwonjia",
    "relationship": "GUARDIAN",
    "phone": "0766554433",
    "email": null,
    "occupation": "N/A",
    "address": "N/A",
    "user": null
  }
},
{
  "model": "students.parent",
  "pk": 32,
  "fields": {
    "full_name": "miriti",
    "relationship": "GUARDIAN",
    "phone": "0798000099",
    "email": null,
    "occupation": "N/A",
    "address": "N/A",
    "user": null
  }
},
{
  "model": "students.parent",
  "pk": 33,
  "fields": {
    "full_name": "Mukaomaua",
    "relationship": "GUARDIAN",
    "phone": "0789964544",
    "email": null,
    "occupation": "N/A",
    "address": "N/A",
    "user": null
  }
},
{
  "model": "students.parent",
  "pk": 34,
  "fields": {
    "full_name": "joh michuki",
    "relationship": "GUARDIAN",
    "phone": "0765431223",
    "email": null,
    "occupation": "N/A",
    "address": "N/A",
    "user": null
  }
},
{
  "model": "students.parent",
  "pk": 35,
  "fields": {
    "full_name": "Steven",
    "relationship": "GUARDIAN",
    "phone": "07894321",
    "email": null,
    "occupation": "N/A",
    "address": "N/A",
    "user": null
  }
},
{
  "model": "students.parent",
  "pk": 36,
  "fields": {
    "full_name": "Njoes",
    "relationship": "GUARDIAN",
    "phone": "076543235",
    "email": null,
    "occupation": "N/A",
    "address": "N/A",
    "user": null
  }
},
{
  "model": "students.parent",
  "pk": 37,
  "fields": {
    "full_name": "Joel",
    "relationship": "GUARDIAN",
    "phone": "1111111111",
    "email": null,
    "occupation": "N/A",
    "address": "N/A",
    "user": null
  }
},
{
  "model": "students.parent",
  "pk": 38,
  "fields": {
    "full_name": "sabina kuroo",
    "relationship": "GUARDIAN",
    "phone": "078645334",
    "email": null,
    "occupation": "N/A",
    "address": "N/A",
    "user": null
  }
},
{
  "model": "students.parent",
  "pk": 39,
  "fields": {
    "full_name": "mkamba",
    "relationship": "GUARDIAN",
    "phone": "1122222211",
    "email": null,
    "occupation": "N/A",
    "address": "N/A",
    "user": null
  }
},
{
  "model": "students.parent",
  "pk": 40,
  "fields": {
    "full_name": "Evans Njenga",
    "relationship": "GUARDIAN",
    "phone": "+254110725884",
    "email": null,
    "occupation": "N/A",
    "address": "N/A",
    "user": null
  }
},
{
  "model": "students.parent",
  "pk": 41,
  "fields": {
    "full_name": "Joseph Matindi",
    "relationship": "GUARDIAN",
    "phone": "+254701241265",
    "email": null,
    "occupation": "N/A",
    "address": "N/A",
    "user": null
  }
},
{
  "model": "students.student",
  "pk": 2,
  "fields": {
    "user": 16,
    "admission_number": "ADM-8636",
    "full_name": "Frankline Murangiri",
    "gender": "M",
    "date_of_birth": "2000-11-11",
    "photo": "",
    "category": "BOARDING",
    "status": "ACTIVE",
    "residence_details": "Ndovu - Ndovu 101",
    "transport_details": "Rt-101 - NYS HQ",
    "current_class": 1,
    "guardian_name": "Miritii M",
    "guardian_phone": "+254789098890",
    "admission_date": "2026-02-08",
    "is_active": true,
    "parents": [
      2
    ]
  }
},
{
  "model": "students.student",
  "pk": 3,
  "fields": {
    "user": 17,
    "admission_number": "ADM-3269",
    "full_name": "Mary Musioka",
    "gender": "F",
    "date_of_birth": "2000-11-11",
    "photo": "",
    "category": "BOARDING",
    "status": "ACTIVE",
    "residence_details": "Chui - Chui 101",
    "transport_details": "",
    "current_class": 1,
    "guardian_name": "Musioka M",
    "guardian_phone": "+254765456654",
    "admission_date": "2026-02-08",
    "is_active": true,
    "parents": [
      3
    ]
  }
},
{
  "model": "students.student",
  "pk": 4,
  "fields": {
    "user": 18,
    "admission_number": "ADM-5435",
    "full_name": "Raphael Mungai",
    "gender": "M",
    "date_of_birth": "2001-02-21",
    "photo": "",
    "category": "BOARDING",
    "status": "ACTIVE",
    "residence_details": "Ndovu - Ndovu 101",
    "transport_details": "",
    "current_class": 1,
    "guardian_name": "henry miyuri",
    "guardian_phone": "+254723123321",
    "admission_date": "2026-02-08",
    "is_active": true,
    "parents": [
      4
    ]
  }
},
{
  "model": "students.student",
  "pk": 5,
  "fields": {
    "user": 19,
    "admission_number": "ADM-8300",
    "full_name": "Elsie Kathomi",
    "gender": "F",
    "date_of_birth": "2000-02-02",
    "photo": "",
    "category": "BOARDING",
    "status": "ACTIVE",
    "residence_details": "Chui - Chui 101",
    "transport_details": "",
    "current_class": 1,
    "guardian_name": "Kibiti",
    "guardian_phone": "+25476776677668",
    "admission_date": "2026-02-08",
    "is_active": true,
    "parents": [
      5
    ]
  }
},
{
  "model": "students.student",
  "pk": 6,
  "fields": {
    "user": 20,
    "admission_number": "ADM-3869",
    "full_name": "mwiti Jamlo",
    "gender": "M",
    "date_of_birth": "2000-04-23",
    "photo": "",
    "category": "BOARDING",
    "status": "ACTIVE",
    "residence_details": "Ndovu - Ndovu 101",
    "transport_details": "",
    "current_class": 1,
    "guardian_name": "jamlo jm",
    "guardian_phone": "+25445455445",
    "admission_date": "2026-02-08",
    "is_active": true,
    "parents": [
      6
    ]
  }
},
{
  "model": "students.student",
  "pk": 7,
  "fields": {
    "user": 21,
    "admission_number": "ADM-1975",
    "full_name": "Wedy kanario",
    "gender": "F",
    "date_of_birth": "2001-02-21",
    "photo": "",
    "category": "BOARDING",
    "status": "ACTIVE",
    "residence_details": "Chui - Chui 102",
    "transport_details": "",
    "current_class": 2,
    "guardian_name": "Kainga M",
    "guardian_phone": "+254767766776",
    "admission_date": "2026-02-08",
    "is_active": true,
    "parents": [
      7
    ]
  }
},
{
  "model": "students.student",
  "pk": 8,
  "fields": {
    "user": 22,
    "admission_number": "ADM-7866",
    "full_name": "Edwin Mugira",
    "gender": "M",
    "date_of_birth": "1990-03-23",
    "photo": "",
    "category": "BOARDING",
    "status": "ACTIVE",
    "residence_details": "Ndovu - Ndovu 101",
    "transport_details": "",
    "current_class": 2,
    "guardian_name": "Kibiti M",
    "guardian_phone": "+254776889009",
    "admission_date": "2026-02-08",
    "is_active": true,
    "parents": [
      8
    ]
  }
},
{
  "model": "students.student",
  "pk": 9,
  "fields": {
    "user": 23,
    "admission_number": "ADM-2422",
    "full_name": "Linet Line",
    "gender": "F",
    "date_of_birth": "2004-11-11",
    "photo": "",
    "category": "BOARDING",
    "status": "ACTIVE",
    "residence_details": "Chui - Chui 102",
    "transport_details": "",
    "current_class": 2,
    "guardian_name": "Kathoni Kainga",
    "guardian_phone": "+254712121221",
    "admission_date": "2026-02-08",
    "is_active": true,
    "parents": [
      9
    ]
  }
},
{
  "model": "students.student",
  "pk": 10,
  "fields": {
    "user": 24,
    "admission_number": "ADM-6978",
    "full_name": "Dere Munene",
    "gender": "M",
    "date_of_birth": "1998-11-11",
    "photo": "",
    "category": "BOARDING",
    "status": "ACTIVE",
    "residence_details": "Ndovu - Ndovu 101",
    "transport_details": "",
    "current_class": 2,
    "guardian_name": "Kathoni Kainga",
    "guardian_phone": "+254712121221",
    "admission_date": "2026-02-08",
    "is_active": true,
    "parents": [
      10
    ]
  }
},
{
  "model": "students.student",
  "pk": 11,
  "fields": {
    "user": 25,
    "admission_number": "ADM-9156",
    "full_name": "Vivian Njoki",
    "gender": "F",
    "date_of_birth": "2007-05-21",
    "photo": "",
    "category": "BOARDING",
    "status": "ACTIVE",
    "residence_details": "Chui - Chui 101",
    "transport_details": "",
    "current_class": 2,
    "guardian_name": "Nkunja Richard",
    "guardian_phone": "+25476545343212",
    "admission_date": "2026-02-08",
    "is_active": true,
    "parents": [
      11
    ]
  }
},
{
  "model": "students.student",
  "pk": 12,
  "fields": {
    "user": 26,
    "admission_number": "ADM-1780",
    "full_name": "Nkunja prince",
    "gender": "M",
    "date_of_birth": "2007-05-04",
    "photo": "",
    "category": "BOARDING",
    "status": "ACTIVE",
    "residence_details": "Ndovu - Ndovu 102",
    "transport_details": "",
    "current_class": 3,
    "guardian_name": "Richard n",
    "guardian_phone": "+254767890098",
    "admission_date": "2026-02-08",
    "is_active": true,
    "parents": [
      12
    ]
  }
},
{
  "model": "students.student",
  "pk": 13,
  "fields": {
    "user": 27,
    "admission_number": "ADM-7440",
    "full_name": "Jeffer Nkunja",
    "gender": "M",
    "date_of_birth": "2006-11-21",
    "photo": "",
    "category": "BOARDING",
    "status": "ACTIVE",
    "residence_details": "Ndovu - Ndovu 102",
    "transport_details": "",
    "current_class": 3,
    "guardian_name": "Richard N",
    "guardian_phone": "+2547654324566",
    "admission_date": "2026-02-08",
    "is_active": true,
    "parents": [
      13
    ]
  }
},
{
  "model": "students.student",
  "pk": 14,
  "fields": {
    "user": 28,
    "admission_number": "ADM-8416",
    "full_name": "Imma Nkunja",
    "gender": "M",
    "date_of_birth": "2011-06-06",
    "photo": "",
    "category": "BOARDING",
    "status": "ACTIVE",
    "residence_details": "Ndovu - Ndovu 102",
    "transport_details": "",
    "current_class": 3,
    "guardian_name": "Cecilia Kendi",
    "guardian_phone": "+25467876654",
    "admission_date": "2026-02-08",
    "is_active": true,
    "parents": [
      14
    ]
  }
},
{
  "model": "students.student",
  "pk": 15,
  "fields": {
    "user": 29,
    "admission_number": "ADM-1773",
    "full_name": "Brendah Gakii",
    "gender": "F",
    "date_of_birth": "2003-04-04",
    "photo": "",
    "category": "BOARDING",
    "status": "ACTIVE",
    "residence_details": "Chui - Chui 102",
    "transport_details": "",
    "current_class": 3,
    "guardian_name": "Mange",
    "guardian_phone": "+254765321145",
    "admission_date": "2026-02-08",
    "is_active": true,
    "parents": [
      15
    ]
  }
},
{
  "model": "students.student",
  "pk": 16,
  "fields": {
    "user": 30,
    "admission_number": "ADM-2886",
    "full_name": "Yvonne Nyawira",
    "gender": "F",
    "date_of_birth": "2003-02-02",
    "photo": "",
    "category": "BOARDING",
    "status": "ACTIVE",
    "residence_details": "Chui - Chui 102",
    "transport_details": "",
    "current_class": 3,
    "guardian_name": "Nyawesh",
    "guardian_phone": "+254765543443",
    "admission_date": "2026-02-08",
    "is_active": true,
    "parents": [
      16
    ]
  }
},
{
  "model": "students.student",
  "pk": 17,
  "fields": {
    "user": 31,
    "admission_number": "ADM-1533",
    "full_name": "Gladys Gakii",
    "gender": "F",
    "date_of_birth": "2003-04-06",
    "photo": "",
    "category": "BOARDING",
    "status": "ACTIVE",
    "residence_details": "Swara - Swara 101",
    "transport_details": "",
    "current_class": 4,
    "guardian_name": "Power",
    "guardian_phone": "+254766554433",
    "admission_date": "2026-02-08",
    "is_active": true,
    "parents": [
      17
    ]
  }
},
{
  "model": "students.student",
  "pk": 18,
  "fields": {
    "user": 32,
    "admission_number": "ADM-1659",
    "full_name": "Elsy Gakii",
    "gender": "F",
    "date_of_birth": "2004-05-05",
    "photo": "",
    "category": "BOARDING",
    "status": "ACTIVE",
    "residence_details": "Chui - Chui 101",
    "transport_details": "",
    "current_class": 4,
    "guardian_name": "Elloi M",
    "guardian_phone": "0765452457",
    "admission_date": "2026-02-08",
    "is_active": true,
    "parents": [
      18
    ]
  }
},
{
  "model": "students.student",
  "pk": 19,
  "fields": {
    "user": 33,
    "admission_number": "ADM-8100",
    "full_name": "Damaris njoki",
    "gender": "F",
    "date_of_birth": "2002-04-05",
    "photo": "",
    "category": "BOARDING",
    "status": "ACTIVE",
    "residence_details": "Chui - Chui 101",
    "transport_details": "",
    "current_class": 4,
    "guardian_name": "Njoks Mwelu",
    "guardian_phone": "0712211221",
    "admission_date": "2026-02-08",
    "is_active": true,
    "parents": [
      19
    ]
  }
},
{
  "model": "students.student",
  "pk": 20,
  "fields": {
    "user": 34,
    "admission_number": "ADM-3980",
    "full_name": "Muthomi Josiah",
    "gender": "M",
    "date_of_birth": "1999-05-04",
    "photo": "",
    "category": "BOARDING",
    "status": "ACTIVE",
    "residence_details": "Ndovu - Ndovu 102",
    "transport_details": "",
    "current_class": 4,
    "guardian_name": "kamenchu",
    "guardian_phone": "079889988990",
    "admission_date": "2026-02-08",
    "is_active": true,
    "parents": [
      20
    ]
  }
},
{
  "model": "students.student",
  "pk": 21,
  "fields": {
    "user": 35,
    "admission_number": "ADM-8526",
    "full_name": "Elvis Ngaluu",
    "gender": "M",
    "date_of_birth": "2001-02-28",
    "photo": "",
    "category": "BOARDING",
    "status": "ACTIVE",
    "residence_details": "Ndovu - Ndovu 102",
    "transport_details": "",
    "current_class": 4,
    "guardian_name": "Ngaluu",
    "guardian_phone": "076778899009",
    "admission_date": "2026-02-08",
    "is_active": true,
    "parents": [
      21
    ]
  }
},
{
  "model": "students.student",
  "pk": 22,
  "fields": {
    "user": 36,
    "admission_number": "ADM-9227",
    "full_name": "Kim Kimani",
    "gender": "M",
    "date_of_birth": "2004-06-05",
    "photo": "",
    "category": "BOARDING",
    "status": "ACTIVE",
    "residence_details": "Simba - Simba 101",
    "transport_details": "",
    "current_class": 5,
    "guardian_name": "Kimani",
    "guardian_phone": "0789908890",
    "admission_date": "2026-02-08",
    "is_active": true,
    "parents": [
      22
    ]
  }
},
{
  "model": "students.student",
  "pk": 23,
  "fields": {
    "user": 37,
    "admission_number": "ADM-2414",
    "full_name": "Steven Kariuki",
    "gender": "M",
    "date_of_birth": "2002-11-11",
    "photo": "",
    "category": "BOARDING",
    "status": "ACTIVE",
    "residence_details": "Simba - Simba 101",
    "transport_details": "",
    "current_class": 5,
    "guardian_name": "Kariuki",
    "guardian_phone": "0765453212",
    "admission_date": "2026-02-08",
    "is_active": true,
    "parents": [
      23
    ]
  }
},
{
  "model": "students.student",
  "pk": 24,
  "fields": {
    "user": 38,
    "admission_number": "ADM-5781",
    "full_name": "Abedinego Safari",
    "gender": "M",
    "date_of_birth": "2002-02-22",
    "photo": "",
    "category": "BOARDING",
    "status": "ACTIVE",
    "residence_details": "Simba - Simba 101",
    "transport_details": "",
    "current_class": 5,
    "guardian_name": "kiburi",
    "guardian_phone": "0767541234",
    "admission_date": "2026-02-08",
    "is_active": true,
    "parents": [
      24
    ]
  }
},
{
  "model": "students.student",
  "pk": 25,
  "fields": {
    "user": 39,
    "admission_number": "ADM-2530",
    "full_name": "Mwandiki Kabee",
    "gender": "M",
    "date_of_birth": "2002-05-05",
    "photo": "",
    "category": "BOARDING",
    "status": "ACTIVE",
    "residence_details": "Simba - Simba 102",
    "transport_details": "",
    "current_class": 6,
    "guardian_name": "Mwandiksaa",
    "guardian_phone": "0742343587",
    "admission_date": "2026-02-08",
    "is_active": true,
    "parents": [
      25
    ]
  }
},
{
  "model": "students.student",
  "pk": 26,
  "fields": {
    "user": 40,
    "admission_number": "ADM-6014",
    "full_name": "Dan kaberia",
    "gender": "M",
    "date_of_birth": "2000-12-12",
    "photo": "",
    "category": "BOARDING",
    "status": "ACTIVE",
    "residence_details": "Simba - Simba 101",
    "transport_details": "",
    "current_class": 6,
    "guardian_name": "akindi",
    "guardian_phone": "0789998800",
    "admission_date": "2026-02-08",
    "is_active": true,
    "parents": [
      26
    ]
  }
},
{
  "model": "students.student",
  "pk": 27,
  "fields": {
    "user": 41,
    "admission_number": "ADM-1019",
    "full_name": "Mark collins",
    "gender": "M",
    "date_of_birth": "2006-05-06",
    "photo": "",
    "category": "BOARDING",
    "status": "ACTIVE",
    "residence_details": "Simba - Simba 101",
    "transport_details": "Rt-101 - Drivein-Survey",
    "current_class": 7,
    "guardian_name": "mwaro",
    "guardian_phone": "0789543421",
    "admission_date": "2026-02-08",
    "is_active": true,
    "parents": [
      27
    ]
  }
},
{
  "model": "students.student",
  "pk": 28,
  "fields": {
    "user": 42,
    "admission_number": "ADM-5911",
    "full_name": "Brian kirii",
    "gender": "M",
    "date_of_birth": "2000-05-04",
    "photo": "",
    "category": "BOARDING",
    "status": "ACTIVE",
    "residence_details": "Simba - Simba 102",
    "transport_details": "",
    "current_class": 7,
    "guardian_name": "wamucii",
    "guardian_phone": "0765457898",
    "admission_date": "2026-02-08",
    "is_active": true,
    "parents": [
      28
    ]
  }
},
{
  "model": "students.student",
  "pk": 29,
  "fields": {
    "user": 43,
    "admission_number": "ADM-7123",
    "full_name": "viera kelvin",
    "gender": "M",
    "date_of_birth": "2002-11-11",
    "photo": "",
    "category": "BOARDING",
    "status": "ACTIVE",
    "residence_details": "Simba - Simba 102",
    "transport_details": "",
    "current_class": 7,
    "guardian_name": "kobia kau",
    "guardian_phone": "0765453233",
    "admission_date": "2026-02-08",
    "is_active": true,
    "parents": [
      29
    ]
  }
},
{
  "model": "students.student",
  "pk": 30,
  "fields": {
    "user": 44,
    "admission_number": "ADM-5209",
    "full_name": "Evans Munene",
    "gender": "M",
    "date_of_birth": "2000-06-05",
    "photo": "",
    "category": "BOARDING",
    "status": "ACTIVE",
    "residence_details": "Simba - Simba 102",
    "transport_details": "",
    "current_class": 8,
    "guardian_name": "michubu josee",
    "guardian_phone": "0789900998",
    "admission_date": "2026-02-08",
    "is_active": true,
    "parents": [
      30
    ]
  }
},
{
  "model": "students.student",
  "pk": 31,
  "fields": {
    "user": 45,
    "admission_number": "ADM-2811",
    "full_name": "Dan muretu",
    "gender": "M",
    "date_of_birth": "2000-09-05",
    "photo": "",
    "category": "BOARDING",
    "status": "ACTIVE",
    "residence_details": "Simba - Simba 102",
    "transport_details": "",
    "current_class": 8,
    "guardian_name": "Mbiri mwonjia",
    "guardian_phone": "0766554433",
    "admission_date": "2026-02-08",
    "is_active": true,
    "parents": [
      31
    ]
  }
},
{
  "model": "students.student",
  "pk": 32,
  "fields": {
    "user": 46,
    "admission_number": "ADM-6410",
    "full_name": "Lindah lish",
    "gender": "F",
    "date_of_birth": "2007-02-22",
    "photo": "",
    "category": "BOARDING",
    "status": "ACTIVE",
    "residence_details": "Swara - Swara 101",
    "transport_details": "",
    "current_class": 6,
    "guardian_name": "miriti",
    "guardian_phone": "0798000099",
    "admission_date": "2026-02-08",
    "is_active": true,
    "parents": [
      32
    ]
  }
},
{
  "model": "students.student",
  "pk": 33,
  "fields": {
    "user": 47,
    "admission_number": "ADM-3892",
    "full_name": "Kinya karen",
    "gender": "F",
    "date_of_birth": "2026-02-01",
    "photo": "",
    "category": "BOARDING",
    "status": "ACTIVE",
    "residence_details": "Swara - Swara 101",
    "transport_details": "",
    "current_class": 6,
    "guardian_name": "Mukaomaua",
    "guardian_phone": "0789964544",
    "admission_date": "2026-02-08",
    "is_active": true,
    "parents": [
      33
    ]
  }
},
{
  "model": "students.student",
  "pk": 34,
  "fields": {
    "user": 48,
    "admission_number": "ADM-5167",
    "full_name": "maryann joyce",
    "gender": "F",
    "date_of_birth": "2004-04-06",
    "photo": "",
    "category": "BOARDING",
    "status": "ACTIVE",
    "residence_details": "Swara - Swara 101",
    "transport_details": "",
    "current_class": 6,
    "guardian_name": "joh michuki",
    "guardian_phone": "0765431223",
    "admission_date": "2026-02-08",
    "is_active": true,
    "parents": [
      34
    ]
  }
},
{
  "model": "students.student",
  "pk": 35,
  "fields": {
    "user": 49,
    "admission_number": "ADM-7628",
    "full_name": "Rittah gakii",
    "gender": "M",
    "date_of_birth": "0005-10-06",
    "photo": "",
    "category": "BOARDING",
    "status": "ACTIVE",
    "residence_details": "",
    "transport_details": "",
    "current_class": 7,
    "guardian_name": "Steven",
    "guardian_phone": "07894321",
    "admission_date": "2026-02-08",
    "is_active": true,
    "parents": [
      35
    ]
  }
},
{
  "model": "students.student",
  "pk": 36,
  "fields": {
    "user": 50,
    "admission_number": "ADM-2111",
    "full_name": "Njoki Joel",
    "gender": "F",
    "date_of_birth": "2000-09-08",
    "photo": "",
    "category": "BOARDING",
    "status": "ACTIVE",
    "residence_details": "Swara - Swara 101",
    "transport_details": "",
    "current_class": 7,
    "guardian_name": "Njoes",
    "guardian_phone": "076543235",
    "admission_date": "2026-02-08",
    "is_active": true,
    "parents": [
      36
    ]
  }
},
{
  "model": "students.student",
  "pk": 37,
  "fields": {
    "user": 51,
    "admission_number": "ADM-7451",
    "full_name": "Glory",
    "gender": "F",
    "date_of_birth": "2008-03-23",
    "photo": "",
    "category": "BOARDING",
    "status": "ACTIVE",
    "residence_details": "Swara - Swara 102",
    "transport_details": "",
    "current_class": 5,
    "guardian_name": "Joel",
    "guardian_phone": "1111111111",
    "admission_date": "2026-02-08",
    "is_active": true,
    "parents": [
      37
    ]
  }
},
{
  "model": "students.student",
  "pk": 38,
  "fields": {
    "user": 52,
    "admission_number": "ADM-9896",
    "full_name": "sambi kimoo",
    "gender": "F",
    "date_of_birth": "2005-03-23",
    "photo": "",
    "category": "BOARDING",
    "status": "ACTIVE",
    "residence_details": "Swara - Swara 102",
    "transport_details": "",
    "current_class": 5,
    "guardian_name": "sabina kuroo",
    "guardian_phone": "078645334",
    "admission_date": "2026-02-08",
    "is_active": true,
    "parents": [
      38
    ]
  }
},
{
  "model": "students.student",
  "pk": 39,
  "fields": {
    "user": 53,
    "admission_number": "ADM-4199",
    "full_name": "Tabby Mueni",
    "gender": "F",
    "date_of_birth": "2002-11-11",
    "photo": "",
    "category": "BOARDING",
    "status": "ACTIVE",
    "residence_details": "Swara - Swara 102",
    "transport_details": "",
    "current_class": 8,
    "guardian_name": "mkamba",
    "guardian_phone": "1122222211",
    "admission_date": "2026-02-08",
    "is_active": true,
    "parents": [
      39
    ]
  }
},
{
  "model": "students.student",
  "pk": 40,
  "fields": {
    "user": 54,
    "admission_number": "ADM-4514",
    "full_name": "Zariah Jade Evans",
    "gender": "F",
    "date_of_birth": "2025-03-20",
    "photo": "",
    "category": "BOARDING",
    "status": "ACTIVE",
    "residence_details": "Swara - Swara 102",
    "transport_details": "",
    "current_class": 8,
    "guardian_name": "Evans Njenga",
    "guardian_phone": "+254110725884",
    "admission_date": "2026-02-08",
    "is_active": true,
    "parents": [
      40
    ]
  }
},
{
  "model": "students.student",
  "pk": 41,
  "fields": {
    "user": 55,
    "admission_number": "ADM-2763",
    "full_name": "Ivytania Wambui",
    "gender": "F",
    "date_of_birth": "2011-12-12",
    "photo": "",
    "category": "BOARDING",
    "status": "ACTIVE",
    "residence_details": "Swara - Swara 102",
    "transport_details": "",
    "current_class": 8,
    "guardian_name": "Joseph Matindi",
    "guardian_phone": "+254701241265",
    "admission_date": "2026-02-08",
    "is_active": true,
    "parents": [
      41
    ]
  }
},
{
  "model": "students.disciplinerecord",
  "pk": 1,
  "fields": {
    "student": 27,
    "incident_date": "2026-02-08",
    "offence_category": "late coming",
    "description": "came late",
    "action_taken": "punishment",
    "reported_by": null,
    "created_at": "2026-02-08T11:35:45.935Z"
  }
},
{
  "model": "staff.staff",
  "pk": 2,
  "fields": {
    "user": 3,
    "employee_id": "REF-0003",
    "department": "Admin",
    "qualifications": "",
    "date_joined": "2026-02-05"
  }
},
{
  "model": "staff.staff",
  "pk": 3,
  "fields": {
    "user": 4,
    "employee_id": "REF-0004",
    "department": "Accountant",
    "qualifications": "",
    "date_joined": "2026-02-05"
  }
},
{
  "model": "staff.staff",
  "pk": 4,
  "fields": {
    "user": 5,
    "employee_id": "REF-0005",
    "department": "Nurse",
    "qualifications": "",
    "date_joined": "2026-02-05"
  }
},
{
  "model": "staff.staff",
  "pk": 5,
  "fields": {
    "user": 6,
    "employee_id": "REF-0006",
    "department": "Teacher",
    "qualifications": "",
    "date_joined": "2026-02-05"
  }
},
{
  "model": "staff.staff",
  "pk": 6,
  "fields": {
    "user": 7,
    "employee_id": "REF-0007",
    "department": "Hostel Warden",
    "qualifications": "",
    "date_joined": "2026-02-05"
  }
},
{
  "model": "staff.staff",
  "pk": 7,
  "fields": {
    "user": 8,
    "employee_id": "REF-0008",
    "department": "Librarian",
    "qualifications": "",
    "date_joined": "2026-02-05"
  }
},
{
  "model": "staff.staff",
  "pk": 10,
  "fields": {
    "user": 10,
    "employee_id": "EMP-010",
    "department": "Registrar",
    "qualifications": "",
    "date_joined": "2026-02-06"
  }
},
{
  "model": "staff.staff",
  "pk": 12,
  "fields": {
    "user": 12,
    "employee_id": "EMP-012",
    "department": "Dos",
    "qualifications": "",
    "date_joined": "2026-02-06"
  }
},
{
  "model": "staff.staff",
  "pk": 13,
  "fields": {
    "user": 13,
    "employee_id": "EMP-0013",
    "department": "Teacher",
    "qualifications": "",
    "date_joined": "2026-02-06"
  }
},
{
  "model": "staff.staff",
  "pk": 14,
  "fields": {
    "user": 15,
    "employee_id": "REF-013",
    "department": "Transport (Driver)",
    "qualifications": "",
    "date_joined": "2026-02-07"
  }
},
{
  "model": "academics.academicyear",
  "pk": 1,
  "fields": {
    "name": "2026",
    "is_active": true
  }
},
{
  "model": "academics.term",
  "pk": 1,
  "fields": {
    "year": 1,
    "name": "Term 1",
    "start_date": "2026-01-05",
    "end_date": "2026-03-28",
    "is_active": true
  }
},
{
  "model": "academics.subjectgroup",
  "pk": 1,
  "fields": {
    "name": "Languages"
  }
},
{
  "model": "academics.subjectgroup",
  "pk": 2,
  "fields": {
    "name": "Mathematics"
  }
},
{
  "model": "academics.subjectgroup",
  "pk": 3,
  "fields": {
    "name": "Sciences"
  }
},
{
  "model": "academics.subjectgroup",
  "pk": 4,
  "fields": {
    "name": "Humanities"
  }
},
{
  "model": "academics.subjectgroup",
  "pk": 5,
  "fields": {
    "name": "Technical"
  }
},
{
  "model": "academics.subject",
  "pk": 1,
  "fields": {
    "name": "English",
    "code": "101",
    "group": 1,
    "is_optional": false
  }
},
{
  "model": "academics.subject",
  "pk": 2,
  "fields": {
    "name": "Kiswahili",
    "code": "102",
    "group": 1,
    "is_optional": false
  }
},
{
  "model": "academics.subject",
  "pk": 3,
  "fields": {
    "name": "Mathematics",
    "code": "121",
    "group": 2,
    "is_optional": false
  }
},
{
  "model": "academics.subject",
  "pk": 4,
  "fields": {
    "name": "Biology",
    "code": "231",
    "group": 3,
    "is_optional": false
  }
},
{
  "model": "academics.subject",
  "pk": 5,
  "fields": {
    "name": "Physics",
    "code": "232",
    "group": 3,
    "is_optional": false
  }
},
{
  "model": "academics.subject",
  "pk": 6,
  "fields": {
    "name": "Chemistry",
    "code": "233",
    "group": 3,
    "is_optional": false
  }
},
{
  "model": "academics.subject",
  "pk": 7,
  "fields": {
    "name": "History & Government",
    "code": "311",
    "group": 4,
    "is_optional": false
  }
},
{
  "model": "academics.subject",
  "pk": 8,
  "fields": {
    "name": "Geography",
    "code": "312",
    "group": 4,
    "is_optional": false
  }
},
{
  "model": "academics.subject",
  "pk": 9,
  "fields": {
    "name": "Christian Religious Education (CRE)",
    "code": "313",
    "group": 4,
    "is_optional": false
  }
},
{
  "model": "academics.subject",
  "pk": 10,
  "fields": {
    "name": "Computer Studies",
    "code": "451",
    "group": 5,
    "is_optional": false
  }
},
{
  "model": "academics.subject",
  "pk": 11,
  "fields": {
    "name": "Business Sudies",
    "code": "565",
    "group": 5,
    "is_optional": false
  }
},
{
  "model": "academics.subject",
  "pk": 12,
  "fields": {
    "name": "Agriculture",
    "code": "443",
    "group": 5,
    "is_optional": false
  }
},
{
  "model": "academics.class",
  "pk": 1,
  "fields": {
    "name": "Form 1",
    "stream": "North",
    "year": 2026,
    "class_teacher": 6,
    "capacity": 40,
    "subjects": []
  }
},
{
  "model": "academics.class",
  "pk": 2,
  "fields": {
    "name": "Form 1",
    "stream": "South",
    "year": 2026,
    "class_teacher": 6,
    "capacity": 40,
    "subjects": []
  }
},
{
  "model": "academics.class",
  "pk": 3,
  "fields": {
    "name": "Form 2",
    "stream": "North",
    "year": 2026,
    "class_teacher": 6,
    "capacity": 40,
    "subjects": []
  }
},
{
  "model": "academics.class",
  "pk": 4,
  "fields": {
    "name": "Form 2",
    "stream": "South",
    "year": 2026,
    "class_teacher": 6,
    "capacity": 40,
    "subjects": []
  }
},
{
  "model": "academics.class",
  "pk": 5,
  "fields": {
    "name": "Form 3",
    "stream": "North",
    "year": 2026,
    "class_teacher": 13,
    "capacity": 40,
    "subjects": []
  }
},
{
  "model": "academics.class",
  "pk": 6,
  "fields": {
    "name": "Form 3",
    "stream": "South",
    "year": 2026,
    "class_teacher": 13,
    "capacity": 40,
    "subjects": []
  }
},
{
  "model": "academics.class",
  "pk": 7,
  "fields": {
    "name": "Form 4",
    "stream": "North",
    "year": 2026,
    "class_teacher": 13,
    "capacity": 40,
    "subjects": []
  }
},
{
  "model": "academics.class",
  "pk": 8,
  "fields": {
    "name": "Form 4",
    "stream": "South",
    "year": 2026,
    "class_teacher": 13,
    "capacity": 40,
    "subjects": []
  }
},
{
  "model": "academics.classsubject",
  "pk": 1,
  "fields": {
    "class_id": 1,
    "subject": 1,
    "teacher": null,
    "is_optional": false
  }
},
{
  "model": "academics.classsubject",
  "pk": 2,
  "fields": {
    "class_id": 1,
    "subject": 2,
    "teacher": null,
    "is_optional": false
  }
},
{
  "model": "academics.classsubject",
  "pk": 3,
  "fields": {
    "class_id": 1,
    "subject": 3,
    "teacher": null,
    "is_optional": false
  }
},
{
  "model": "academics.classsubject",
  "pk": 4,
  "fields": {
    "class_id": 1,
    "subject": 4,
    "teacher": null,
    "is_optional": false
  }
},
{
  "model": "academics.classsubject",
  "pk": 5,
  "fields": {
    "class_id": 1,
    "subject": 5,
    "teacher": null,
    "is_optional": false
  }
},
{
  "model": "academics.classsubject",
  "pk": 6,
  "fields": {
    "class_id": 1,
    "subject": 6,
    "teacher": null,
    "is_optional": false
  }
},
{
  "model": "academics.classsubject",
  "pk": 7,
  "fields": {
    "class_id": 1,
    "subject": 7,
    "teacher": null,
    "is_optional": false
  }
},
{
  "model": "academics.classsubject",
  "pk": 8,
  "fields": {
    "class_id": 1,
    "subject": 8,
    "teacher": null,
    "is_optional": false
  }
},
{
  "model": "academics.classsubject",
  "pk": 9,
  "fields": {
    "class_id": 1,
    "subject": 9,
    "teacher": null,
    "is_optional": false
  }
},
{
  "model": "academics.classsubject",
  "pk": 10,
  "fields": {
    "class_id": 1,
    "subject": 10,
    "teacher": null,
    "is_optional": false
  }
},
{
  "model": "academics.classsubject",
  "pk": 11,
  "fields": {
    "class_id": 1,
    "subject": 11,
    "teacher": null,
    "is_optional": false
  }
},
{
  "model": "academics.classsubject",
  "pk": 12,
  "fields": {
    "class_id": 1,
    "subject": 12,
    "teacher": null,
    "is_optional": false
  }
},
{
  "model": "academics.classsubject",
  "pk": 13,
  "fields": {
    "class_id": 2,
    "subject": 1,
    "teacher": null,
    "is_optional": false
  }
},
{
  "model": "academics.classsubject",
  "pk": 14,
  "fields": {
    "class_id": 2,
    "subject": 2,
    "teacher": null,
    "is_optional": false
  }
},
{
  "model": "academics.classsubject",
  "pk": 15,
  "fields": {
    "class_id": 2,
    "subject": 3,
    "teacher": null,
    "is_optional": false
  }
},
{
  "model": "academics.classsubject",
  "pk": 16,
  "fields": {
    "class_id": 2,
    "subject": 4,
    "teacher": null,
    "is_optional": false
  }
},
{
  "model": "academics.classsubject",
  "pk": 17,
  "fields": {
    "class_id": 2,
    "subject": 5,
    "teacher": null,
    "is_optional": false
  }
},
{
  "model": "academics.classsubject",
  "pk": 19,
  "fields": {
    "class_id": 2,
    "subject": 6,
    "teacher": null,
    "is_optional": false
  }
},
{
  "model": "academics.classsubject",
  "pk": 20,
  "fields": {
    "class_id": 2,
    "subject": 7,
    "teacher": null,
    "is_optional": false
  }
},
{
  "model": "academics.classsubject",
  "pk": 21,
  "fields": {
    "class_id": 2,
    "subject": 8,
    "teacher": null,
    "is_optional": false
  }
},
{
  "model": "academics.classsubject",
  "pk": 22,
  "fields": {
    "class_id": 2,
    "subject": 9,
    "teacher": null,
    "is_optional": false
  }
},
{
  "model": "academics.classsubject",
  "pk": 23,
  "fields": {
    "class_id": 2,
    "subject": 10,
    "teacher": null,
    "is_optional": false
  }
},
{
  "model": "academics.classsubject",
  "pk": 24,
  "fields": {
    "class_id": 2,
    "subject": 11,
    "teacher": null,
    "is_optional": false
  }
},
{
  "model": "academics.classsubject",
  "pk": 25,
  "fields": {
    "class_id": 2,
    "subject": 12,
    "teacher": null,
    "is_optional": false
  }
},
{
  "model": "academics.classsubject",
  "pk": 26,
  "fields": {
    "class_id": 3,
    "subject": 1,
    "teacher": null,
    "is_optional": false
  }
},
{
  "model": "academics.classsubject",
  "pk": 27,
  "fields": {
    "class_id": 3,
    "subject": 2,
    "teacher": null,
    "is_optional": false
  }
},
{
  "model": "academics.classsubject",
  "pk": 28,
  "fields": {
    "class_id": 3,
    "subject": 3,
    "teacher": null,
    "is_optional": false
  }
},
{
  "model": "academics.classsubject",
  "pk": 29,
  "fields": {
    "class_id": 3,
    "subject": 4,
    "teacher": null,
    "is_optional": false
  }
},
{
  "model": "academics.classsubject",
  "pk": 30,
  "fields": {
    "class_id": 3,
    "subject": 5,
    "teacher": null,
    "is_optional": false
  }
},
{
  "model": "academics.classsubject",
  "pk": 31,
  "fields": {
    "class_id": 3,
    "subject": 6,
    "teacher": null,
    "is_optional": false
  }
},
{
  "model": "academics.classsubject",
  "pk": 32,
  "fields": {
    "class_id": 3,
    "subject": 7,
    "teacher": null,
    "is_optional": false
  }
},
{
  "model": "academics.classsubject",
  "pk": 33,
  "fields": {
    "class_id": 3,
    "subject": 8,
    "teacher": null,
    "is_optional": false
  }
},
{
  "model": "academics.classsubject",
  "pk": 34,
  "fields": {
    "class_id": 3,
    "subject": 9,
    "teacher": null,
    "is_optional": false
  }
},
{
  "model": "academics.classsubject",
  "pk": 35,
  "fields": {
    "class_id": 3,
    "subject": 10,
    "teacher": null,
    "is_optional": false
  }
},
{
  "model": "academics.classsubject",
  "pk": 36,
  "fields": {
    "class_id": 3,
    "subject": 11,
    "teacher": null,
    "is_optional": false
  }
},
{
  "model": "academics.classsubject",
  "pk": 37,
  "fields": {
    "class_id": 3,
    "subject": 12,
    "teacher": null,
    "is_optional": false
  }
},
{
  "model": "academics.classsubject",
  "pk": 38,
  "fields": {
    "class_id": 4,
    "subject": 1,
    "teacher": null,
    "is_optional": false
  }
},
{
  "model": "academics.classsubject",
  "pk": 39,
  "fields": {
    "class_id": 4,
    "subject": 2,
    "teacher": null,
    "is_optional": false
  }
},
{
  "model": "academics.classsubject",
  "pk": 40,
  "fields": {
    "class_id": 4,
    "subject": 3,
    "teacher": null,
    "is_optional": false
  }
},
{
  "model": "academics.classsubject",
  "pk": 41,
  "fields": {
    "class_id": 4,
    "subject": 4,
    "teacher": null,
    "is_optional": false
  }
},
{
  "model": "academics.classsubject",
  "pk": 42,
  "fields": {
    "class_id": 4,
    "subject": 5,
    "teacher": null,
    "is_optional": false
  }
},
{
  "model": "academics.classsubject",
  "pk": 43,
  "fields": {
    "class_id": 4,
    "subject": 6,
    "teacher": null,
    "is_optional": false
  }
},
{
  "model": "academics.classsubject",
  "pk": 44,
  "fields": {
    "class_id": 4,
    "subject": 7,
    "teacher": null,
    "is_optional": false
  }
},
{
  "model": "academics.classsubject",
  "pk": 45,
  "fields": {
    "class_id": 4,
    "subject": 8,
    "teacher": null,
    "is_optional": false
  }
},
{
  "model": "academics.classsubject",
  "pk": 46,
  "fields": {
    "class_id": 4,
    "subject": 9,
    "teacher": null,
    "is_optional": false
  }
},
{
  "model": "academics.classsubject",
  "pk": 47,
  "fields": {
    "class_id": 4,
    "subject": 10,
    "teacher": null,
    "is_optional": false
  }
},
{
  "model": "academics.classsubject",
  "pk": 48,
  "fields": {
    "class_id": 4,
    "subject": 11,
    "teacher": null,
    "is_optional": false
  }
},
{
  "model": "academics.classsubject",
  "pk": 49,
  "fields": {
    "class_id": 4,
    "subject": 12,
    "teacher": null,
    "is_optional": false
  }
},
{
  "model": "academics.classsubject",
  "pk": 50,
  "fields": {
    "class_id": 5,
    "subject": 1,
    "teacher": null,
    "is_optional": false
  }
},
{
  "model": "academics.classsubject",
  "pk": 51,
  "fields": {
    "class_id": 5,
    "subject": 2,
    "teacher": null,
    "is_optional": false
  }
},
{
  "model": "academics.classsubject",
  "pk": 52,
  "fields": {
    "class_id": 5,
    "subject": 3,
    "teacher": null,
    "is_optional": false
  }
},
{
  "model": "academics.classsubject",
  "pk": 53,
  "fields": {
    "class_id": 5,
    "subject": 4,
    "teacher": null,
    "is_optional": false
  }
},
{
  "model": "academics.classsubject",
  "pk": 54,
  "fields": {
    "class_id": 5,
    "subject": 5,
    "teacher": null,
    "is_optional": false
  }
},
{
  "model": "academics.classsubject",
  "pk": 55,
  "fields": {
    "class_id": 5,
    "subject": 6,
    "teacher": null,
    "is_optional": false
  }
},
{
  "model": "academics.classsubject",
  "pk": 56,
  "fields": {
    "class_id": 5,
    "subject": 7,
    "teacher": null,
    "is_optional": false
  }
},
{
  "model": "academics.classsubject",
  "pk": 57,
  "fields": {
    "class_id": 5,
    "subject": 8,
    "teacher": null,
    "is_optional": false
  }
},
{
  "model": "academics.classsubject",
  "pk": 58,
  "fields": {
    "class_id": 5,
    "subject": 9,
    "teacher": null,
    "is_optional": false
  }
},
{
  "model": "academics.classsubject",
  "pk": 59,
  "fields": {
    "class_id": 5,
    "subject": 10,
    "teacher": null,
    "is_optional": false
  }
},
{
  "model": "academics.classsubject",
  "pk": 60,
  "fields": {
    "class_id": 5,
    "subject": 12,
    "teacher": null,
    "is_optional": false
  }
},
{
  "model": "academics.classsubject",
  "pk": 61,
  "fields": {
    "class_id": 5,
    "subject": 11,
    "teacher": null,
    "is_optional": false
  }
},
{
  "model": "academics.classsubject",
  "pk": 62,
  "fields": {
    "class_id": 6,
    "subject": 1,
    "teacher": null,
    "is_optional": false
  }
},
{
  "model": "academics.classsubject",
  "pk": 63,
  "fields": {
    "class_id": 6,
    "subject": 2,
    "teacher": null,
    "is_optional": false
  }
},
{
  "model": "academics.classsubject",
  "pk": 64,
  "fields": {
    "class_id": 6,
    "subject": 3,
    "teacher": null,
    "is_optional": false
  }
},
{
  "model": "academics.classsubject",
  "pk": 65,
  "fields": {
    "class_id": 6,
    "subject": 4,
    "teacher": null,
    "is_optional": false
  }
},
{
  "model": "academics.classsubject",
  "pk": 66,
  "fields": {
    "class_id": 6,
    "subject": 5,
    "teacher": null,
    "is_optional": false
  }
},
{
  "model": "academics.classsubject",
  "pk": 67,
  "fields": {
    "class_id": 6,
    "subject": 6,
    "teacher": null,
    "is_optional": false
  }
},
{
  "model": "academics.classsubject",
  "pk": 68,
  "fields": {
    "class_id": 6,
    "subject": 7,
    "teacher": null,
    "is_optional": false
  }
},
{
  "model": "academics.classsubject",
  "pk": 69,
  "fields": {
    "class_id": 6,
    "subject": 8,
    "teacher": null,
    "is_optional": false
  }
},
{
  "model": "academics.classsubject",
  "pk": 70,
  "fields": {
    "class_id": 6,
    "subject": 9,
    "teacher": null,
    "is_optional": false
  }
},
{
  "model": "academics.classsubject",
  "pk": 71,
  "fields": {
    "class_id": 6,
    "subject": 10,
    "teacher": null,
    "is_optional": false
  }
},
{
  "model": "academics.classsubject",
  "pk": 72,
  "fields": {
    "class_id": 6,
    "subject": 11,
    "teacher": null,
    "is_optional": false
  }
},
{
  "model": "academics.classsubject",
  "pk": 73,
  "fields": {
    "class_id": 6,
    "subject": 12,
    "teacher": null,
    "is_optional": false
  }
},
{
  "model": "academics.classsubject",
  "pk": 74,
  "fields": {
    "class_id": 7,
    "subject": 1,
    "teacher": null,
    "is_optional": false
  }
},
{
  "model": "academics.classsubject",
  "pk": 75,
  "fields": {
    "class_id": 7,
    "subject": 2,
    "teacher": null,
    "is_optional": false
  }
},
{
  "model": "academics.classsubject",
  "pk": 76,
  "fields": {
    "class_id": 7,
    "subject": 3,
    "teacher": null,
    "is_optional": false
  }
},
{
  "model": "academics.classsubject",
  "pk": 77,
  "fields": {
    "class_id": 7,
    "subject": 4,
    "teacher": null,
    "is_optional": false
  }
},
{
  "model": "academics.classsubject",
  "pk": 78,
  "fields": {
    "class_id": 7,
    "subject": 5,
    "teacher": null,
    "is_optional": false
  }
},
{
  "model": "academics.classsubject",
  "pk": 79,
  "fields": {
    "class_id": 7,
    "subject": 6,
    "teacher": null,
    "is_optional": false
  }
},
{
  "model": "academics.classsubject",
  "pk": 80,
  "fields": {
    "class_id": 7,
    "subject": 7,
    "teacher": null,
    "is_optional": false
  }
},
{
  "model": "academics.classsubject",
  "pk": 81,
  "fields": {
    "class_id": 7,
    "subject": 8,
    "teacher": null,
    "is_optional": false
  }
},
{
  "model": "academics.classsubject",
  "pk": 82,
  "fields": {
    "class_id": 7,
    "subject": 9,
    "teacher": null,
    "is_optional": false
  }
},
{
  "model": "academics.classsubject",
  "pk": 83,
  "fields": {
    "class_id": 7,
    "subject": 10,
    "teacher": null,
    "is_optional": false
  }
},
{
  "model": "academics.classsubject",
  "pk": 84,
  "fields": {
    "class_id": 7,
    "subject": 11,
    "teacher": null,
    "is_optional": false
  }
},
{
  "model": "academics.classsubject",
  "pk": 85,
  "fields": {
    "class_id": 7,
    "subject": 12,
    "teacher": null,
    "is_optional": false
  }
},
{
  "model": "academics.classsubject",
  "pk": 86,
  "fields": {
    "class_id": 8,
    "subject": 1,
    "teacher": null,
    "is_optional": false
  }
},
{
  "model": "academics.classsubject",
  "pk": 87,
  "fields": {
    "class_id": 8,
    "subject": 2,
    "teacher": null,
    "is_optional": false
  }
},
{
  "model": "academics.classsubject",
  "pk": 88,
  "fields": {
    "class_id": 8,
    "subject": 3,
    "teacher": null,
    "is_optional": false
  }
},
{
  "model": "academics.classsubject",
  "pk": 89,
  "fields": {
    "class_id": 8,
    "subject": 4,
    "teacher": null,
    "is_optional": false
  }
},
{
  "model": "academics.classsubject",
  "pk": 90,
  "fields": {
    "class_id": 8,
    "subject": 5,
    "teacher": null,
    "is_optional": false
  }
},
{
  "model": "academics.classsubject",
  "pk": 91,
  "fields": {
    "class_id": 8,
    "subject": 6,
    "teacher": null,
    "is_optional": false
  }
},
{
  "model": "academics.classsubject",
  "pk": 92,
  "fields": {
    "class_id": 8,
    "subject": 7,
    "teacher": null,
    "is_optional": false
  }
},
{
  "model": "academics.classsubject",
  "pk": 94,
  "fields": {
    "class_id": 8,
    "subject": 10,
    "teacher": null,
    "is_optional": false
  }
},
{
  "model": "academics.classsubject",
  "pk": 95,
  "fields": {
    "class_id": 8,
    "subject": 11,
    "teacher": null,
    "is_optional": false
  }
},
{
  "model": "academics.classsubject",
  "pk": 96,
  "fields": {
    "class_id": 8,
    "subject": 12,
    "teacher": null,
    "is_optional": false
  }
},
{
  "model": "academics.classsubject",
  "pk": 97,
  "fields": {
    "class_id": 8,
    "subject": 9,
    "teacher": null,
    "is_optional": false
  }
},
{
  "model": "academics.classsubject",
  "pk": 98,
  "fields": {
    "class_id": 8,
    "subject": 8,
    "teacher": null,
    "is_optional": false
  }
},
{
  "model": "academics.gradesystem",
  "pk": 3,
  "fields": {
    "name": "KNEC Standard",
    "is_default": true
  }
},
{
  "model": "academics.gradesystem",
  "pk": 6,
  "fields": {
    "name": "Assignments",
    "is_default": false
  }
},
{
  "model": "academics.gradeboundary",
  "pk": 1,
  "fields": {
    "system": 3,
    "grade": "A",
    "min_score": 78,
    "max_score": 100,
    "points": 12,
    "remarks": "Excellent"
  }
},
{
  "model": "academics.gradeboundary",
  "pk": 2,
  "fields": {
    "system": 3,
    "grade": "A-",
    "min_score": 71,
    "max_score": 77,
    "points": 11,
    "remarks": "Very Good"
  }
},
{
  "model": "academics.gradeboundary",
  "pk": 3,
  "fields": {
    "system": 3,
    "grade": "B+",
    "min_score": 64,
    "max_score": 70,
    "points": 10,
    "remarks": "Good"
  }
},
{
  "model": "academics.gradeboundary",
  "pk": 4,
  "fields": {
    "system": 3,
    "grade": "B",
    "min_score": 57,
    "max_score": 63,
    "points": 9,
    "remarks": "Good"
  }
},
{
  "model": "academics.gradeboundary",
  "pk": 5,
  "fields": {
    "system": 3,
    "grade": "B-",
    "min_score": 50,
    "max_score": 56,
    "points": 8,
    "remarks": "Good"
  }
},
{
  "model": "academics.gradeboundary",
  "pk": 6,
  "fields": {
    "system": 3,
    "grade": "C+",
    "min_score": 43,
    "max_score": 49,
    "points": 7,
    "remarks": "Average"
  }
},
{
  "model": "academics.gradeboundary",
  "pk": 7,
  "fields": {
    "system": 3,
    "grade": "C",
    "min_score": 36,
    "max_score": 42,
    "points": 6,
    "remarks": "Average"
  }
},
{
  "model": "academics.gradeboundary",
  "pk": 8,
  "fields": {
    "system": 3,
    "grade": "C-",
    "min_score": 29,
    "max_score": 35,
    "points": 5,
    "remarks": "Average"
  }
},
{
  "model": "academics.gradeboundary",
  "pk": 9,
  "fields": {
    "system": 3,
    "grade": "D+",
    "min_score": 22,
    "max_score": 28,
    "points": 4,
    "remarks": "Weak"
  }
},
{
  "model": "academics.gradeboundary",
  "pk": 10,
  "fields": {
    "system": 3,
    "grade": "D",
    "min_score": 15,
    "max_score": 21,
    "points": 3,
    "remarks": "Weak"
  }
},
{
  "model": "academics.gradeboundary",
  "pk": 11,
  "fields": {
    "system": 3,
    "grade": "D-",
    "min_score": 8,
    "max_score": 14,
    "points": 2,
    "remarks": "Weak"
  }
},
{
  "model": "academics.gradeboundary",
  "pk": 12,
  "fields": {
    "system": 3,
    "grade": "E",
    "min_score": 1,
    "max_score": 7,
    "points": 1,
    "remarks": "Fail"
  }
},
{
  "model": "academics.gradeboundary",
  "pk": 13,
  "fields": {
    "system": 3,
    "grade": "F",
    "min_score": 0,
    "max_score": 0,
    "points": 0,
    "remarks": "Not Done"
  }
},
{
  "model": "academics.exam",
  "pk": 1,
  "fields": {
    "name": "End of term",
    "exam_type": "END_TERM",
    "term": 1,
    "weighting": 100,
    "date_started": "2026-03-20",
    "is_active": true,
    "is_locked": false
  }
},
{
  "model": "academics.exam",
  "pk": 2,
  "fields": {
    "name": "Mid Term",
    "exam_type": "MID_TERM",
    "term": 1,
    "weighting": 100,
    "date_started": "2026-03-06",
    "is_active": true,
    "is_locked": false
  }
},
{
  "model": "academics.attendance",
  "pk": 1,
  "fields": {
    "student": 4,
    "date": "2026-02-08",
    "status": "PRESENT",
    "remark": ""
  }
},
{
  "model": "academics.attendance",
  "pk": 2,
  "fields": {
    "student": 3,
    "date": "2026-02-08",
    "status": "PRESENT",
    "remark": ""
  }
},
{
  "model": "academics.attendance",
  "pk": 3,
  "fields": {
    "student": 6,
    "date": "2026-02-08",
    "status": "PRESENT",
    "remark": ""
  }
},
{
  "model": "academics.attendance",
  "pk": 4,
  "fields": {
    "student": 5,
    "date": "2026-02-08",
    "status": "PRESENT",
    "remark": ""
  }
},
{
  "model": "academics.attendance",
  "pk": 5,
  "fields": {
    "student": 2,
    "date": "2026-02-08",
    "status": "PRESENT",
    "remark": ""
  }
},
{
  "model": "academics.attendance",
  "pk": 6,
  "fields": {
    "student": 11,
    "date": "2026-02-08",
    "status": "PRESENT",
    "remark": ""
  }
},
{
  "model": "academics.attendance",
  "pk": 7,
  "fields": {
    "student": 9,
    "date": "2026-02-08",
    "status": "PRESENT",
    "remark": ""
  }
},
{
  "model": "academics.attendance",
  "pk": 8,
  "fields": {
    "student": 8,
    "date": "2026-02-08",
    "status": "PRESENT",
    "remark": ""
  }
},
{
  "model": "academics.attendance",
  "pk": 9,
  "fields": {
    "student": 10,
    "date": "2026-02-08",
    "status": "PRESENT",
    "remark": ""
  }
},
{
  "model": "academics.attendance",
  "pk": 10,
  "fields": {
    "student": 7,
    "date": "2026-02-08",
    "status": "PRESENT",
    "remark": ""
  }
},
{
  "model": "timetable.timetableslot",
  "pk": 3,
  "fields": {
    "class_assigned": 1,
    "day": "MON",
    "start_time": "08:00:00",
    "end_time": "08:40:00",
    "subject": 1,
    "teacher": null
  }
},
{
  "model": "timetable.timetableslot",
  "pk": 4,
  "fields": {
    "class_assigned": 1,
    "day": "MON",
    "start_time": "08:40:00",
    "end_time": "09:20:00",
    "subject": 2,
    "teacher": 5
  }
},
{
  "model": "hostel.hostel",
  "pk": 1,
  "fields": {
    "name": "Ndovu",
    "hostel_type": "BOARDING",
    "gender_allowed": "M",
    "capacity": 100,
    "warden": 6,
    "status": "ACTIVE",
    "rules": ""
  }
},
{
  "model": "hostel.hostel",
  "pk": 2,
  "fields": {
    "name": "Simba",
    "hostel_type": "BOARDING",
    "gender_allowed": "M",
    "capacity": 100,
    "warden": 6,
    "status": "ACTIVE",
    "rules": ""
  }
},
{
  "model": "hostel.hostel",
  "pk": 3,
  "fields": {
    "name": "Swara",
    "hostel_type": "BOARDING",
    "gender_allowed": "F",
    "capacity": 100,
    "warden": 6,
    "status": "ACTIVE",
    "rules": ""
  }
},
{
  "model": "hostel.hostel",
  "pk": 4,
  "fields": {
    "name": "Chui",
    "hostel_type": "BOARDING",
    "gender_allowed": "F",
    "capacity": 100,
    "warden": 6,
    "status": "ACTIVE",
    "rules": ""
  }
},
{
  "model": "hostel.room",
  "pk": 1,
  "fields": {
    "hostel": 1,
    "room_number": "Ndovu 101",
    "room_type": "CUBICLE",
    "floor": "Ground",
    "capacity": 5,
    "current_occupancy": 5,
    "condition_notes": "",
    "status": "AVAILABLE"
  }
},
{
  "model": "hostel.room",
  "pk": 2,
  "fields": {
    "hostel": 1,
    "room_number": "Ndovu 102",
    "room_type": "CUBICLE",
    "floor": "Ground",
    "capacity": 5,
    "current_occupancy": 5,
    "condition_notes": "",
    "status": "FULL"
  }
},
{
  "model": "hostel.room",
  "pk": 3,
  "fields": {
    "hostel": 2,
    "room_number": "Simba 101",
    "room_type": "CUBICLE",
    "floor": "Ground",
    "capacity": 5,
    "current_occupancy": 5,
    "condition_notes": "",
    "status": "FULL"
  }
},
{
  "model": "hostel.room",
  "pk": 4,
  "fields": {
    "hostel": 2,
    "room_number": "Simba 102",
    "room_type": "DORM",
    "floor": "Ground",
    "capacity": 5,
    "current_occupancy": 5,
    "condition_notes": "",
    "status": "FULL"
  }
},
{
  "model": "hostel.room",
  "pk": 7,
  "fields": {
    "hostel": 3,
    "room_number": "Swara 101",
    "room_type": "CUBICLE",
    "floor": "Ground",
    "capacity": 5,
    "current_occupancy": 5,
    "condition_notes": "",
    "status": "FULL"
  }
},
{
  "model": "hostel.room",
  "pk": 8,
  "fields": {
    "hostel": 3,
    "room_number": "Swara 102",
    "room_type": "CUBICLE",
    "floor": "Ground",
    "capacity": 5,
    "current_occupancy": 5,
    "condition_notes": "",
    "status": "FULL"
  }
},
{
  "model": "hostel.room",
  "pk": 10,
  "fields": {
    "hostel": 4,
    "room_number": "Chui 101",
    "room_type": "CUBICLE",
    "floor": "Ground",
    "capacity": 5,
    "current_occupancy": 5,
    "condition_notes": "",
    "status": "FULL"
  }
},
{
  "model": "hostel.room",
  "pk": 11,
  "fields": {
    "hostel": 4,
    "room_number": "Chui 102",
    "room_type": "CUBICLE",
    "floor": "Ground",
    "capacity": 5,
    "current_occupancy": 4,
    "condition_notes": "",
    "status": "AVAILABLE"
  }
},
{
  "model": "hostel.bed",
  "pk": 1,
  "fields": {
    "room": 1,
    "bed_number": "1",
    "status": "OCCUPIED"
  }
},
{
  "model": "hostel.bed",
  "pk": 2,
  "fields": {
    "room": 1,
    "bed_number": "2",
    "status": "OCCUPIED"
  }
},
{
  "model": "hostel.bed",
  "pk": 3,
  "fields": {
    "room": 1,
    "bed_number": "3",
    "status": "OCCUPIED"
  }
},
{
  "model": "hostel.bed",
  "pk": 4,
  "fields": {
    "room": 1,
    "bed_number": "4",
    "status": "OCCUPIED"
  }
},
{
  "model": "hostel.bed",
  "pk": 5,
  "fields": {
    "room": 1,
    "bed_number": "5",
    "status": "OCCUPIED"
  }
},
{
  "model": "hostel.bed",
  "pk": 7,
  "fields": {
    "room": 2,
    "bed_number": "1",
    "status": "OCCUPIED"
  }
},
{
  "model": "hostel.bed",
  "pk": 8,
  "fields": {
    "room": 2,
    "bed_number": "2",
    "status": "OCCUPIED"
  }
},
{
  "model": "hostel.bed",
  "pk": 9,
  "fields": {
    "room": 2,
    "bed_number": "3",
    "status": "OCCUPIED"
  }
},
{
  "model": "hostel.bed",
  "pk": 10,
  "fields": {
    "room": 2,
    "bed_number": "4",
    "status": "OCCUPIED"
  }
},
{
  "model": "hostel.bed",
  "pk": 11,
  "fields": {
    "room": 2,
    "bed_number": "5",
    "status": "OCCUPIED"
  }
},
{
  "model": "hostel.bed",
  "pk": 12,
  "fields": {
    "room": 3,
    "bed_number": "1",
    "status": "OCCUPIED"
  }
},
{
  "model": "hostel.bed",
  "pk": 13,
  "fields": {
    "room": 3,
    "bed_number": "2",
    "status": "OCCUPIED"
  }
},
{
  "model": "hostel.bed",
  "pk": 14,
  "fields": {
    "room": 3,
    "bed_number": "3",
    "status": "OCCUPIED"
  }
},
{
  "model": "hostel.bed",
  "pk": 15,
  "fields": {
    "room": 3,
    "bed_number": "4",
    "status": "OCCUPIED"
  }
},
{
  "model": "hostel.bed",
  "pk": 16,
  "fields": {
    "room": 3,
    "bed_number": "5",
    "status": "OCCUPIED"
  }
},
{
  "model": "hostel.bed",
  "pk": 17,
  "fields": {
    "room": 4,
    "bed_number": "1",
    "status": "OCCUPIED"
  }
},
{
  "model": "hostel.bed",
  "pk": 18,
  "fields": {
    "room": 4,
    "bed_number": "2",
    "status": "OCCUPIED"
  }
},
{
  "model": "hostel.bed",
  "pk": 19,
  "fields": {
    "room": 4,
    "bed_number": "3",
    "status": "OCCUPIED"
  }
},
{
  "model": "hostel.bed",
  "pk": 20,
  "fields": {
    "room": 4,
    "bed_number": "4",
    "status": "OCCUPIED"
  }
},
{
  "model": "hostel.bed",
  "pk": 21,
  "fields": {
    "room": 4,
    "bed_number": "5",
    "status": "OCCUPIED"
  }
},
{
  "model": "hostel.bed",
  "pk": 32,
  "fields": {
    "room": 7,
    "bed_number": "1",
    "status": "OCCUPIED"
  }
},
{
  "model": "hostel.bed",
  "pk": 33,
  "fields": {
    "room": 7,
    "bed_number": "2",
    "status": "OCCUPIED"
  }
},
{
  "model": "hostel.bed",
  "pk": 34,
  "fields": {
    "room": 7,
    "bed_number": "3",
    "status": "OCCUPIED"
  }
},
{
  "model": "hostel.bed",
  "pk": 35,
  "fields": {
    "room": 7,
    "bed_number": "4",
    "status": "OCCUPIED"
  }
},
{
  "model": "hostel.bed",
  "pk": 36,
  "fields": {
    "room": 7,
    "bed_number": "5",
    "status": "OCCUPIED"
  }
},
{
  "model": "hostel.bed",
  "pk": 37,
  "fields": {
    "room": 8,
    "bed_number": "1",
    "status": "OCCUPIED"
  }
},
{
  "model": "hostel.bed",
  "pk": 38,
  "fields": {
    "room": 8,
    "bed_number": "2",
    "status": "OCCUPIED"
  }
},
{
  "model": "hostel.bed",
  "pk": 39,
  "fields": {
    "room": 8,
    "bed_number": "3",
    "status": "OCCUPIED"
  }
},
{
  "model": "hostel.bed",
  "pk": 40,
  "fields": {
    "room": 8,
    "bed_number": "4",
    "status": "OCCUPIED"
  }
},
{
  "model": "hostel.bed",
  "pk": 41,
  "fields": {
    "room": 8,
    "bed_number": "5",
    "status": "OCCUPIED"
  }
},
{
  "model": "hostel.bed",
  "pk": 47,
  "fields": {
    "room": 10,
    "bed_number": "1",
    "status": "OCCUPIED"
  }
},
{
  "model": "hostel.bed",
  "pk": 48,
  "fields": {
    "room": 10,
    "bed_number": "2",
    "status": "OCCUPIED"
  }
},
{
  "model": "hostel.bed",
  "pk": 49,
  "fields": {
    "room": 10,
    "bed_number": "3",
    "status": "OCCUPIED"
  }
},
{
  "model": "hostel.bed",
  "pk": 50,
  "fields": {
    "room": 10,
    "bed_number": "4",
    "status": "OCCUPIED"
  }
},
{
  "model": "hostel.bed",
  "pk": 51,
  "fields": {
    "room": 10,
    "bed_number": "5",
    "status": "OCCUPIED"
  }
},
{
  "model": "hostel.bed",
  "pk": 52,
  "fields": {
    "room": 11,
    "bed_number": "1",
    "status": "OCCUPIED"
  }
},
{
  "model": "hostel.bed",
  "pk": 53,
  "fields": {
    "room": 11,
    "bed_number": "2",
    "status": "OCCUPIED"
  }
},
{
  "model": "hostel.bed",
  "pk": 54,
  "fields": {
    "room": 11,
    "bed_number": "3",
    "status": "OCCUPIED"
  }
},
{
  "model": "hostel.bed",
  "pk": 55,
  "fields": {
    "room": 11,
    "bed_number": "4",
    "status": "OCCUPIED"
  }
},
{
  "model": "hostel.bed",
  "pk": 56,
  "fields": {
    "room": 11,
    "bed_number": "5",
    "status": "AVAILABLE"
  }
},
{
  "model": "hostel.hostelallocation",
  "pk": 1,
  "fields": {
    "student": 2,
    "bed": 1,
    "room": 1,
    "start_date": "2026-02-07",
    "end_date": null,
    "status": "ACTIVE",
    "date_allocated": "2026-02-08"
  }
},
{
  "model": "hostel.hostelallocation",
  "pk": 2,
  "fields": {
    "student": 4,
    "bed": 2,
    "room": 1,
    "start_date": "2026-02-07",
    "end_date": null,
    "status": "ACTIVE",
    "date_allocated": "2026-02-08"
  }
},
{
  "model": "hostel.hostelallocation",
  "pk": 3,
  "fields": {
    "student": 6,
    "bed": 3,
    "room": 1,
    "start_date": "2026-02-07",
    "end_date": null,
    "status": "ACTIVE",
    "date_allocated": "2026-02-08"
  }
},
{
  "model": "hostel.hostelallocation",
  "pk": 4,
  "fields": {
    "student": 8,
    "bed": 4,
    "room": 1,
    "start_date": "2026-02-07",
    "end_date": null,
    "status": "ACTIVE",
    "date_allocated": "2026-02-08"
  }
},
{
  "model": "hostel.hostelallocation",
  "pk": 5,
  "fields": {
    "student": 10,
    "bed": 5,
    "room": 1,
    "start_date": "2026-02-07",
    "end_date": null,
    "status": "ACTIVE",
    "date_allocated": "2026-02-08"
  }
},
{
  "model": "hostel.hostelallocation",
  "pk": 6,
  "fields": {
    "student": 12,
    "bed": 9,
    "room": 2,
    "start_date": "2026-02-07",
    "end_date": null,
    "status": "ACTIVE",
    "date_allocated": "2026-02-08"
  }
},
{
  "model": "hostel.hostelallocation",
  "pk": 7,
  "fields": {
    "student": 13,
    "bed": 7,
    "room": 2,
    "start_date": "2026-02-07",
    "end_date": null,
    "status": "ACTIVE",
    "date_allocated": "2026-02-08"
  }
},
{
  "model": "hostel.hostelallocation",
  "pk": 8,
  "fields": {
    "student": 14,
    "bed": 8,
    "room": 2,
    "start_date": "2026-02-07",
    "end_date": null,
    "status": "ACTIVE",
    "date_allocated": "2026-02-08"
  }
},
{
  "model": "hostel.hostelallocation",
  "pk": 9,
  "fields": {
    "student": 20,
    "bed": 11,
    "room": 2,
    "start_date": "2026-02-07",
    "end_date": null,
    "status": "ACTIVE",
    "date_allocated": "2026-02-08"
  }
},
{
  "model": "hostel.hostelallocation",
  "pk": 10,
  "fields": {
    "student": 21,
    "bed": 10,
    "room": 2,
    "start_date": "2026-02-07",
    "end_date": null,
    "status": "ACTIVE",
    "date_allocated": "2026-02-08"
  }
},
{
  "model": "hostel.hostelallocation",
  "pk": 11,
  "fields": {
    "student": 22,
    "bed": 14,
    "room": 3,
    "start_date": "2026-02-07",
    "end_date": null,
    "status": "ACTIVE",
    "date_allocated": "2026-02-08"
  }
},
{
  "model": "hostel.hostelallocation",
  "pk": 12,
  "fields": {
    "student": 23,
    "bed": 12,
    "room": 3,
    "start_date": "2026-02-07",
    "end_date": null,
    "status": "ACTIVE",
    "date_allocated": "2026-02-08"
  }
},
{
  "model": "hostel.hostelallocation",
  "pk": 13,
  "fields": {
    "student": 24,
    "bed": 13,
    "room": 3,
    "start_date": "2026-02-07",
    "end_date": null,
    "status": "ACTIVE",
    "date_allocated": "2026-02-08"
  }
},
{
  "model": "hostel.hostelallocation",
  "pk": 14,
  "fields": {
    "student": 25,
    "bed": 21,
    "room": 4,
    "start_date": "2026-02-07",
    "end_date": null,
    "status": "ACTIVE",
    "date_allocated": "2026-02-08"
  }
},
{
  "model": "hostel.hostelallocation",
  "pk": 15,
  "fields": {
    "student": 26,
    "bed": 15,
    "room": 3,
    "start_date": "2026-02-07",
    "end_date": null,
    "status": "ACTIVE",
    "date_allocated": "2026-02-08"
  }
},
{
  "model": "hostel.hostelallocation",
  "pk": 16,
  "fields": {
    "student": 27,
    "bed": 16,
    "room": 3,
    "start_date": "2026-02-07",
    "end_date": null,
    "status": "ACTIVE",
    "date_allocated": "2026-02-08"
  }
},
{
  "model": "hostel.hostelallocation",
  "pk": 17,
  "fields": {
    "student": 28,
    "bed": 17,
    "room": 4,
    "start_date": "2026-02-07",
    "end_date": null,
    "status": "ACTIVE",
    "date_allocated": "2026-02-08"
  }
},
{
  "model": "hostel.hostelallocation",
  "pk": 18,
  "fields": {
    "student": 29,
    "bed": 18,
    "room": 4,
    "start_date": "2026-02-07",
    "end_date": null,
    "status": "ACTIVE",
    "date_allocated": "2026-02-08"
  }
},
{
  "model": "hostel.hostelallocation",
  "pk": 19,
  "fields": {
    "student": 30,
    "bed": 19,
    "room": 4,
    "start_date": "2026-02-07",
    "end_date": null,
    "status": "ACTIVE",
    "date_allocated": "2026-02-08"
  }
},
{
  "model": "hostel.hostelallocation",
  "pk": 20,
  "fields": {
    "student": 31,
    "bed": 20,
    "room": 4,
    "start_date": "2026-02-07",
    "end_date": null,
    "status": "ACTIVE",
    "date_allocated": "2026-02-08"
  }
},
{
  "model": "hostel.hostelallocation",
  "pk": 21,
  "fields": {
    "student": 32,
    "bed": 32,
    "room": 7,
    "start_date": "2026-02-07",
    "end_date": null,
    "status": "ACTIVE",
    "date_allocated": "2026-02-08"
  }
},
{
  "model": "hostel.hostelallocation",
  "pk": 22,
  "fields": {
    "student": 17,
    "bed": 33,
    "room": 7,
    "start_date": "2026-02-08",
    "end_date": null,
    "status": "ACTIVE",
    "date_allocated": "2026-02-08"
  }
},
{
  "model": "hostel.hostelallocation",
  "pk": 23,
  "fields": {
    "student": 33,
    "bed": 34,
    "room": 7,
    "start_date": "2026-02-07",
    "end_date": null,
    "status": "ACTIVE",
    "date_allocated": "2026-02-08"
  }
},
{
  "model": "hostel.hostelallocation",
  "pk": 24,
  "fields": {
    "student": 34,
    "bed": 35,
    "room": 7,
    "start_date": "2026-02-07",
    "end_date": null,
    "status": "ACTIVE",
    "date_allocated": "2026-02-08"
  }
},
{
  "model": "hostel.hostelallocation",
  "pk": 25,
  "fields": {
    "student": 36,
    "bed": 36,
    "room": 7,
    "start_date": "2026-02-07",
    "end_date": null,
    "status": "ACTIVE",
    "date_allocated": "2026-02-08"
  }
},
{
  "model": "hostel.hostelallocation",
  "pk": 26,
  "fields": {
    "student": 37,
    "bed": 37,
    "room": 8,
    "start_date": "2026-02-07",
    "end_date": null,
    "status": "ACTIVE",
    "date_allocated": "2026-02-08"
  }
},
{
  "model": "hostel.hostelallocation",
  "pk": 27,
  "fields": {
    "student": 38,
    "bed": 38,
    "room": 8,
    "start_date": "2026-02-07",
    "end_date": null,
    "status": "ACTIVE",
    "date_allocated": "2026-02-08"
  }
},
{
  "model": "hostel.hostelallocation",
  "pk": 28,
  "fields": {
    "student": 39,
    "bed": 39,
    "room": 8,
    "start_date": "2026-02-07",
    "end_date": null,
    "status": "ACTIVE",
    "date_allocated": "2026-02-08"
  }
},
{
  "model": "hostel.hostelallocation",
  "pk": 29,
  "fields": {
    "student": 40,
    "bed": 40,
    "room": 8,
    "start_date": "2026-02-07",
    "end_date": null,
    "status": "ACTIVE",
    "date_allocated": "2026-02-08"
  }
},
{
  "model": "hostel.hostelallocation",
  "pk": 30,
  "fields": {
    "student": 41,
    "bed": 41,
    "room": 8,
    "start_date": "2026-02-07",
    "end_date": null,
    "status": "ACTIVE",
    "date_allocated": "2026-02-08"
  }
},
{
  "model": "hostel.hostelallocation",
  "pk": 31,
  "fields": {
    "student": 11,
    "bed": 47,
    "room": 10,
    "start_date": "2026-02-08",
    "end_date": null,
    "status": "ACTIVE",
    "date_allocated": "2026-02-08"
  }
},
{
  "model": "hostel.hostelallocation",
  "pk": 32,
  "fields": {
    "student": 5,
    "bed": 48,
    "room": 10,
    "start_date": "2026-02-08",
    "end_date": null,
    "status": "ACTIVE",
    "date_allocated": "2026-02-08"
  }
},
{
  "model": "hostel.hostelallocation",
  "pk": 33,
  "fields": {
    "student": 18,
    "bed": 49,
    "room": 10,
    "start_date": "2026-02-08",
    "end_date": null,
    "status": "ACTIVE",
    "date_allocated": "2026-02-08"
  }
},
{
  "model": "hostel.hostelallocation",
  "pk": 34,
  "fields": {
    "student": 19,
    "bed": 50,
    "room": 10,
    "start_date": "2026-02-08",
    "end_date": null,
    "status": "ACTIVE",
    "date_allocated": "2026-02-08"
  }
},
{
  "model": "hostel.hostelallocation",
  "pk": 35,
  "fields": {
    "student": 3,
    "bed": 51,
    "room": 10,
    "start_date": "2026-02-08",
    "end_date": null,
    "status": "ACTIVE",
    "date_allocated": "2026-02-08"
  }
},
{
  "model": "hostel.hostelallocation",
  "pk": 36,
  "fields": {
    "student": 16,
    "bed": 52,
    "room": 11,
    "start_date": "2026-02-08",
    "end_date": null,
    "status": "ACTIVE",
    "date_allocated": "2026-02-08"
  }
},
{
  "model": "hostel.hostelallocation",
  "pk": 37,
  "fields": {
    "student": 9,
    "bed": 53,
    "room": 11,
    "start_date": "2026-02-08",
    "end_date": null,
    "status": "ACTIVE",
    "date_allocated": "2026-02-08"
  }
},
{
  "model": "hostel.hostelallocation",
  "pk": 38,
  "fields": {
    "student": 7,
    "bed": 54,
    "room": 11,
    "start_date": "2026-02-08",
    "end_date": null,
    "status": "ACTIVE",
    "date_allocated": "2026-02-08"
  }
},
{
  "model": "hostel.hostelallocation",
  "pk": 39,
  "fields": {
    "student": 15,
    "bed": 55,
    "room": 11,
    "start_date": "2026-02-08",
    "end_date": null,
    "status": "ACTIVE",
    "date_allocated": "2026-02-08"
  }
},
{
  "model": "hostel.hostelattendance",
  "pk": 1,
  "fields": {
    "student": 17,
    "date": "2026-02-08",
    "session": "NIGHT",
    "status": "PRESENT",
    "warden_remark": ""
  }
},
{
  "model": "hostel.hostelattendance",
  "pk": 2,
  "fields": {
    "student": 32,
    "date": "2026-02-08",
    "session": "NIGHT",
    "status": "PRESENT",
    "warden_remark": ""
  }
},
{
  "model": "hostel.hostelattendance",
  "pk": 3,
  "fields": {
    "student": 33,
    "date": "2026-02-08",
    "session": "NIGHT",
    "status": "PRESENT",
    "warden_remark": ""
  }
},
{
  "model": "hostel.hostelattendance",
  "pk": 4,
  "fields": {
    "student": 34,
    "date": "2026-02-08",
    "session": "NIGHT",
    "status": "PRESENT",
    "warden_remark": ""
  }
},
{
  "model": "hostel.hostelattendance",
  "pk": 5,
  "fields": {
    "student": 36,
    "date": "2026-02-08",
    "session": "NIGHT",
    "status": "PRESENT",
    "warden_remark": ""
  }
},
{
  "model": "hostel.hostelattendance",
  "pk": 6,
  "fields": {
    "student": 37,
    "date": "2026-02-08",
    "session": "NIGHT",
    "status": "PRESENT",
    "warden_remark": ""
  }
},
{
  "model": "hostel.hostelattendance",
  "pk": 7,
  "fields": {
    "student": 38,
    "date": "2026-02-08",
    "session": "NIGHT",
    "status": "PRESENT",
    "warden_remark": ""
  }
},
{
  "model": "hostel.hostelattendance",
  "pk": 8,
  "fields": {
    "student": 39,
    "date": "2026-02-08",
    "session": "NIGHT",
    "status": "PRESENT",
    "warden_remark": ""
  }
},
{
  "model": "hostel.hostelattendance",
  "pk": 9,
  "fields": {
    "student": 40,
    "date": "2026-02-08",
    "session": "NIGHT",
    "status": "PRESENT",
    "warden_remark": ""
  }
},
{
  "model": "hostel.hostelattendance",
  "pk": 10,
  "fields": {
    "student": 41,
    "date": "2026-02-08",
    "session": "NIGHT",
    "status": "PRESENT",
    "warden_remark": ""
  }
},
{
  "model": "hostel.hostelattendance",
  "pk": 11,
  "fields": {
    "student": 3,
    "date": "2026-02-08",
    "session": "NIGHT",
    "status": "PRESENT",
    "warden_remark": ""
  }
},
{
  "model": "hostel.hostelattendance",
  "pk": 12,
  "fields": {
    "student": 5,
    "date": "2026-02-08",
    "session": "NIGHT",
    "status": "PRESENT",
    "warden_remark": ""
  }
},
{
  "model": "hostel.hostelattendance",
  "pk": 13,
  "fields": {
    "student": 11,
    "date": "2026-02-08",
    "session": "NIGHT",
    "status": "PRESENT",
    "warden_remark": ""
  }
},
{
  "model": "hostel.hostelattendance",
  "pk": 14,
  "fields": {
    "student": 18,
    "date": "2026-02-08",
    "session": "NIGHT",
    "status": "PRESENT",
    "warden_remark": ""
  }
},
{
  "model": "hostel.hostelattendance",
  "pk": 15,
  "fields": {
    "student": 19,
    "date": "2026-02-08",
    "session": "NIGHT",
    "status": "PRESENT",
    "warden_remark": ""
  }
},
{
  "model": "hostel.hosteldiscipline",
  "pk": 1,
  "fields": {
    "student": 27,
    "incident_date": "2026-02-08",
    "offence": "late coming",
    "description": "came late",
    "action_taken": "punishment",
    "severity": "MINOR",
    "reported_by": null
  }
},
{
  "model": "hostel.hostelasset",
  "pk": 1,
  "fields": {
    "hostel": 4,
    "room": null,
    "asset_type": "FURNITURE",
    "asset_code": "001-Bed",
    "condition": "GOOD",
    "value": "1450.00",
    "quantity": 1,
    "last_audit_date": "2026-02-07"
  }
},
{
  "model": "finance.feestructure",
  "pk": 1,
  "fields": {
    "name": "Term 1 Fees",
    "amount": "20000.00",
    "academic_year": 1,
    "term": 1,
    "class_level": null,
    "description": "",
    "is_active": true
  }
},
{
  "model": "finance.invoice",
  "pk": 1,
  "fields": {
    "student": 2,
    "academic_year": 1,
    "term": 1,
    "total_amount": "22800.00",
    "paid_amount": "0.00",
    "balance": "22800.00",
    "status": "UNPAID",
    "date_generated": "2026-02-07",
    "due_date": null,
    "is_finalized": false
  }
},
{
  "model": "finance.invoice",
  "pk": 2,
  "fields": {
    "student": 4,
    "academic_year": 1,
    "term": 1,
    "total_amount": "20000.00",
    "paid_amount": "20000.00",
    "balance": "0.00",
    "status": "PAID",
    "date_generated": "2026-02-07",
    "due_date": null,
    "is_finalized": false
  }
},
{
  "model": "finance.invoice",
  "pk": 3,
  "fields": {
    "student": 6,
    "academic_year": 1,
    "term": 1,
    "total_amount": "20000.00",
    "paid_amount": "0.00",
    "balance": "20000.00",
    "status": "UNPAID",
    "date_generated": "2026-02-07",
    "due_date": null,
    "is_finalized": false
  }
},
{
  "model": "finance.invoice",
  "pk": 4,
  "fields": {
    "student": 8,
    "academic_year": 1,
    "term": 1,
    "total_amount": "20000.00",
    "paid_amount": "0.00",
    "balance": "20000.00",
    "status": "UNPAID",
    "date_generated": "2026-02-07",
    "due_date": null,
    "is_finalized": false
  }
},
{
  "model": "finance.invoice",
  "pk": 5,
  "fields": {
    "student": 10,
    "academic_year": 1,
    "term": 1,
    "total_amount": "20000.00",
    "paid_amount": "0.00",
    "balance": "20000.00",
    "status": "UNPAID",
    "date_generated": "2026-02-07",
    "due_date": null,
    "is_finalized": false
  }
},
{
  "model": "finance.invoice",
  "pk": 6,
  "fields": {
    "student": 12,
    "academic_year": 1,
    "term": 1,
    "total_amount": "20000.00",
    "paid_amount": "0.00",
    "balance": "20000.00",
    "status": "UNPAID",
    "date_generated": "2026-02-07",
    "due_date": null,
    "is_finalized": false
  }
},
{
  "model": "finance.invoice",
  "pk": 7,
  "fields": {
    "student": 13,
    "academic_year": 1,
    "term": 1,
    "total_amount": "20000.00",
    "paid_amount": "0.00",
    "balance": "20000.00",
    "status": "UNPAID",
    "date_generated": "2026-02-07",
    "due_date": null,
    "is_finalized": false
  }
},
{
  "model": "finance.invoice",
  "pk": 8,
  "fields": {
    "student": 14,
    "academic_year": 1,
    "term": 1,
    "total_amount": "20000.00",
    "paid_amount": "0.00",
    "balance": "20000.00",
    "status": "UNPAID",
    "date_generated": "2026-02-07",
    "due_date": null,
    "is_finalized": false
  }
},
{
  "model": "finance.invoice",
  "pk": 9,
  "fields": {
    "student": 20,
    "academic_year": 1,
    "term": 1,
    "total_amount": "20000.00",
    "paid_amount": "0.00",
    "balance": "20000.00",
    "status": "UNPAID",
    "date_generated": "2026-02-07",
    "due_date": null,
    "is_finalized": false
  }
},
{
  "model": "finance.invoice",
  "pk": 10,
  "fields": {
    "student": 21,
    "academic_year": 1,
    "term": 1,
    "total_amount": "20000.00",
    "paid_amount": "0.00",
    "balance": "20000.00",
    "status": "UNPAID",
    "date_generated": "2026-02-07",
    "due_date": null,
    "is_finalized": false
  }
},
{
  "model": "finance.invoice",
  "pk": 11,
  "fields": {
    "student": 22,
    "academic_year": 1,
    "term": 1,
    "total_amount": "20000.00",
    "paid_amount": "0.00",
    "balance": "20000.00",
    "status": "UNPAID",
    "date_generated": "2026-02-07",
    "due_date": null,
    "is_finalized": false
  }
},
{
  "model": "finance.invoice",
  "pk": 12,
  "fields": {
    "student": 23,
    "academic_year": 1,
    "term": 1,
    "total_amount": "20000.00",
    "paid_amount": "0.00",
    "balance": "20000.00",
    "status": "UNPAID",
    "date_generated": "2026-02-07",
    "due_date": null,
    "is_finalized": false
  }
},
{
  "model": "finance.invoice",
  "pk": 13,
  "fields": {
    "student": 24,
    "academic_year": 1,
    "term": 1,
    "total_amount": "20000.00",
    "paid_amount": "0.00",
    "balance": "20000.00",
    "status": "UNPAID",
    "date_generated": "2026-02-07",
    "due_date": null,
    "is_finalized": false
  }
},
{
  "model": "finance.invoice",
  "pk": 14,
  "fields": {
    "student": 25,
    "academic_year": 1,
    "term": 1,
    "total_amount": "20000.00",
    "paid_amount": "0.00",
    "balance": "20000.00",
    "status": "UNPAID",
    "date_generated": "2026-02-07",
    "due_date": null,
    "is_finalized": false
  }
},
{
  "model": "finance.invoice",
  "pk": 15,
  "fields": {
    "student": 26,
    "academic_year": 1,
    "term": 1,
    "total_amount": "20000.00",
    "paid_amount": "0.00",
    "balance": "20000.00",
    "status": "UNPAID",
    "date_generated": "2026-02-07",
    "due_date": null,
    "is_finalized": false
  }
},
{
  "model": "finance.invoice",
  "pk": 16,
  "fields": {
    "student": 27,
    "academic_year": 1,
    "term": 1,
    "total_amount": "22000.00",
    "paid_amount": "0.00",
    "balance": "22000.00",
    "status": "UNPAID",
    "date_generated": "2026-02-07",
    "due_date": null,
    "is_finalized": false
  }
},
{
  "model": "finance.invoice",
  "pk": 17,
  "fields": {
    "student": 28,
    "academic_year": 1,
    "term": 1,
    "total_amount": "20000.00",
    "paid_amount": "0.00",
    "balance": "20000.00",
    "status": "UNPAID",
    "date_generated": "2026-02-07",
    "due_date": null,
    "is_finalized": false
  }
},
{
  "model": "finance.invoice",
  "pk": 18,
  "fields": {
    "student": 29,
    "academic_year": 1,
    "term": 1,
    "total_amount": "20000.00",
    "paid_amount": "0.00",
    "balance": "20000.00",
    "status": "UNPAID",
    "date_generated": "2026-02-07",
    "due_date": null,
    "is_finalized": false
  }
},
{
  "model": "finance.invoice",
  "pk": 19,
  "fields": {
    "student": 30,
    "academic_year": 1,
    "term": 1,
    "total_amount": "20000.00",
    "paid_amount": "0.00",
    "balance": "20000.00",
    "status": "UNPAID",
    "date_generated": "2026-02-07",
    "due_date": null,
    "is_finalized": false
  }
},
{
  "model": "finance.invoice",
  "pk": 20,
  "fields": {
    "student": 31,
    "academic_year": 1,
    "term": 1,
    "total_amount": "20000.00",
    "paid_amount": "0.00",
    "balance": "20000.00",
    "status": "UNPAID",
    "date_generated": "2026-02-07",
    "due_date": null,
    "is_finalized": false
  }
},
{
  "model": "finance.invoice",
  "pk": 21,
  "fields": {
    "student": 32,
    "academic_year": 1,
    "term": 1,
    "total_amount": "20000.00",
    "paid_amount": "0.00",
    "balance": "20000.00",
    "status": "UNPAID",
    "date_generated": "2026-02-07",
    "due_date": null,
    "is_finalized": false
  }
},
{
  "model": "finance.invoice",
  "pk": 22,
  "fields": {
    "student": 17,
    "academic_year": 1,
    "term": 1,
    "total_amount": "20000.00",
    "paid_amount": "0.00",
    "balance": "20000.00",
    "status": "UNPAID",
    "date_generated": "2026-02-07",
    "due_date": null,
    "is_finalized": false
  }
},
{
  "model": "finance.invoice",
  "pk": 23,
  "fields": {
    "student": 33,
    "academic_year": 1,
    "term": 1,
    "total_amount": "20000.00",
    "paid_amount": "0.00",
    "balance": "20000.00",
    "status": "UNPAID",
    "date_generated": "2026-02-07",
    "due_date": null,
    "is_finalized": false
  }
},
{
  "model": "finance.invoice",
  "pk": 24,
  "fields": {
    "student": 34,
    "academic_year": 1,
    "term": 1,
    "total_amount": "20000.00",
    "paid_amount": "0.00",
    "balance": "20000.00",
    "status": "UNPAID",
    "date_generated": "2026-02-07",
    "due_date": null,
    "is_finalized": false
  }
},
{
  "model": "finance.invoice",
  "pk": 25,
  "fields": {
    "student": 35,
    "academic_year": 1,
    "term": 1,
    "total_amount": "20000.00",
    "paid_amount": "0.00",
    "balance": "20000.00",
    "status": "UNPAID",
    "date_generated": "2026-02-07",
    "due_date": null,
    "is_finalized": false
  }
},
{
  "model": "finance.invoice",
  "pk": 26,
  "fields": {
    "student": 36,
    "academic_year": 1,
    "term": 1,
    "total_amount": "20000.00",
    "paid_amount": "0.00",
    "balance": "20000.00",
    "status": "UNPAID",
    "date_generated": "2026-02-07",
    "due_date": null,
    "is_finalized": false
  }
},
{
  "model": "finance.invoice",
  "pk": 27,
  "fields": {
    "student": 37,
    "academic_year": 1,
    "term": 1,
    "total_amount": "20000.00",
    "paid_amount": "0.00",
    "balance": "20000.00",
    "status": "UNPAID",
    "date_generated": "2026-02-07",
    "due_date": null,
    "is_finalized": false
  }
},
{
  "model": "finance.invoice",
  "pk": 28,
  "fields": {
    "student": 38,
    "academic_year": 1,
    "term": 1,
    "total_amount": "20000.00",
    "paid_amount": "0.00",
    "balance": "20000.00",
    "status": "UNPAID",
    "date_generated": "2026-02-07",
    "due_date": null,
    "is_finalized": false
  }
},
{
  "model": "finance.invoice",
  "pk": 29,
  "fields": {
    "student": 39,
    "academic_year": 1,
    "term": 1,
    "total_amount": "20000.00",
    "paid_amount": "0.00",
    "balance": "20000.00",
    "status": "UNPAID",
    "date_generated": "2026-02-07",
    "due_date": null,
    "is_finalized": false
  }
},
{
  "model": "finance.invoice",
  "pk": 30,
  "fields": {
    "student": 40,
    "academic_year": 1,
    "term": 1,
    "total_amount": "20000.00",
    "paid_amount": "0.00",
    "balance": "20000.00",
    "status": "UNPAID",
    "date_generated": "2026-02-07",
    "due_date": null,
    "is_finalized": false
  }
},
{
  "model": "finance.invoice",
  "pk": 31,
  "fields": {
    "student": 41,
    "academic_year": 1,
    "term": 1,
    "total_amount": "20000.00",
    "paid_amount": "0.00",
    "balance": "20000.00",
    "status": "UNPAID",
    "date_generated": "2026-02-07",
    "due_date": null,
    "is_finalized": false
  }
},
{
  "model": "finance.invoice",
  "pk": 33,
  "fields": {
    "student": 11,
    "academic_year": 1,
    "term": 1,
    "total_amount": "20000.00",
    "paid_amount": "0.00",
    "balance": "20000.00",
    "status": "UNPAID",
    "date_generated": "2026-02-08",
    "due_date": null,
    "is_finalized": false
  }
},
{
  "model": "finance.invoice",
  "pk": 34,
  "fields": {
    "student": 5,
    "academic_year": 1,
    "term": 1,
    "total_amount": "20000.00",
    "paid_amount": "0.00",
    "balance": "20000.00",
    "status": "UNPAID",
    "date_generated": "2026-02-08",
    "due_date": null,
    "is_finalized": false
  }
},
{
  "model": "finance.invoice",
  "pk": 35,
  "fields": {
    "student": 18,
    "academic_year": 1,
    "term": 1,
    "total_amount": "20000.00",
    "paid_amount": "0.00",
    "balance": "20000.00",
    "status": "UNPAID",
    "date_generated": "2026-02-08",
    "due_date": null,
    "is_finalized": false
  }
},
{
  "model": "finance.invoice",
  "pk": 36,
  "fields": {
    "student": 19,
    "academic_year": 1,
    "term": 1,
    "total_amount": "20000.00",
    "paid_amount": "0.00",
    "balance": "20000.00",
    "status": "UNPAID",
    "date_generated": "2026-02-08",
    "due_date": null,
    "is_finalized": false
  }
},
{
  "model": "finance.invoice",
  "pk": 37,
  "fields": {
    "student": 3,
    "academic_year": 1,
    "term": 1,
    "total_amount": "20000.00",
    "paid_amount": "0.00",
    "balance": "20000.00",
    "status": "UNPAID",
    "date_generated": "2026-02-08",
    "due_date": null,
    "is_finalized": false
  }
},
{
  "model": "finance.invoice",
  "pk": 38,
  "fields": {
    "student": 16,
    "academic_year": 1,
    "term": 1,
    "total_amount": "20000.00",
    "paid_amount": "0.00",
    "balance": "20000.00",
    "status": "UNPAID",
    "date_generated": "2026-02-08",
    "due_date": null,
    "is_finalized": false
  }
},
{
  "model": "finance.invoice",
  "pk": 39,
  "fields": {
    "student": 9,
    "academic_year": 1,
    "term": 1,
    "total_amount": "20000.00",
    "paid_amount": "0.00",
    "balance": "20000.00",
    "status": "UNPAID",
    "date_generated": "2026-02-08",
    "due_date": null,
    "is_finalized": false
  }
},
{
  "model": "finance.invoice",
  "pk": 40,
  "fields": {
    "student": 7,
    "academic_year": 1,
    "term": 1,
    "total_amount": "20000.00",
    "paid_amount": "0.00",
    "balance": "20000.00",
    "status": "UNPAID",
    "date_generated": "2026-02-08",
    "due_date": null,
    "is_finalized": false
  }
},
{
  "model": "finance.invoice",
  "pk": 41,
  "fields": {
    "student": 15,
    "academic_year": 1,
    "term": 1,
    "total_amount": "20000.00",
    "paid_amount": "0.00",
    "balance": "20000.00",
    "status": "UNPAID",
    "date_generated": "2026-02-08",
    "due_date": null,
    "is_finalized": false
  }
},
{
  "model": "finance.invoiceitem",
  "pk": 1,
  "fields": {
    "invoice": 1,
    "fee_structure": 1,
    "description": "Term 1 Fees",
    "amount": "20000.00"
  }
},
{
  "model": "finance.invoiceitem",
  "pk": 2,
  "fields": {
    "invoice": 1,
    "fee_structure": null,
    "description": "Hostel Fee: Ndovu (Ndovu 101)",
    "amount": "0.00"
  }
},
{
  "model": "finance.invoiceitem",
  "pk": 3,
  "fields": {
    "invoice": 1,
    "fee_structure": null,
    "description": "Transport: NYS HQ (Route: Alssops-Muthaiga)",
    "amount": "2800.00"
  }
},
{
  "model": "finance.invoiceitem",
  "pk": 4,
  "fields": {
    "invoice": 2,
    "fee_structure": 1,
    "description": "Term 1 Fees",
    "amount": "20000.00"
  }
},
{
  "model": "finance.invoiceitem",
  "pk": 5,
  "fields": {
    "invoice": 2,
    "fee_structure": null,
    "description": "Hostel Fee: Ndovu (Ndovu 101)",
    "amount": "0.00"
  }
},
{
  "model": "finance.invoiceitem",
  "pk": 6,
  "fields": {
    "invoice": 3,
    "fee_structure": 1,
    "description": "Term 1 Fees",
    "amount": "20000.00"
  }
},
{
  "model": "finance.invoiceitem",
  "pk": 7,
  "fields": {
    "invoice": 3,
    "fee_structure": null,
    "description": "Hostel Fee: Ndovu (Ndovu 101)",
    "amount": "0.00"
  }
},
{
  "model": "finance.invoiceitem",
  "pk": 8,
  "fields": {
    "invoice": 4,
    "fee_structure": 1,
    "description": "Term 1 Fees",
    "amount": "20000.00"
  }
},
{
  "model": "finance.invoiceitem",
  "pk": 9,
  "fields": {
    "invoice": 4,
    "fee_structure": null,
    "description": "Hostel Fee: Ndovu (Ndovu 101)",
    "amount": "0.00"
  }
},
{
  "model": "finance.invoiceitem",
  "pk": 10,
  "fields": {
    "invoice": 5,
    "fee_structure": 1,
    "description": "Term 1 Fees",
    "amount": "20000.00"
  }
},
{
  "model": "finance.invoiceitem",
  "pk": 11,
  "fields": {
    "invoice": 5,
    "fee_structure": null,
    "description": "Hostel Fee: Ndovu (Ndovu 101)",
    "amount": "0.00"
  }
},
{
  "model": "finance.invoiceitem",
  "pk": 12,
  "fields": {
    "invoice": 6,
    "fee_structure": 1,
    "description": "Term 1 Fees",
    "amount": "20000.00"
  }
},
{
  "model": "finance.invoiceitem",
  "pk": 13,
  "fields": {
    "invoice": 6,
    "fee_structure": null,
    "description": "Hostel Fee: Ndovu (Ndovu 101)",
    "amount": "0.00"
  }
},
{
  "model": "finance.invoiceitem",
  "pk": 14,
  "fields": {
    "invoice": 7,
    "fee_structure": 1,
    "description": "Term 1 Fees",
    "amount": "20000.00"
  }
},
{
  "model": "finance.invoiceitem",
  "pk": 15,
  "fields": {
    "invoice": 7,
    "fee_structure": null,
    "description": "Hostel Fee: Ndovu (Ndovu 102)",
    "amount": "0.00"
  }
},
{
  "model": "finance.invoiceitem",
  "pk": 16,
  "fields": {
    "invoice": 8,
    "fee_structure": 1,
    "description": "Term 1 Fees",
    "amount": "20000.00"
  }
},
{
  "model": "finance.invoiceitem",
  "pk": 17,
  "fields": {
    "invoice": 8,
    "fee_structure": null,
    "description": "Hostel Fee: Ndovu (Ndovu 102)",
    "amount": "0.00"
  }
},
{
  "model": "finance.invoiceitem",
  "pk": 18,
  "fields": {
    "invoice": 9,
    "fee_structure": 1,
    "description": "Term 1 Fees",
    "amount": "20000.00"
  }
},
{
  "model": "finance.invoiceitem",
  "pk": 19,
  "fields": {
    "invoice": 9,
    "fee_structure": null,
    "description": "Hostel Fee: Ndovu (Ndovu 101)",
    "amount": "0.00"
  }
},
{
  "model": "finance.invoiceitem",
  "pk": 20,
  "fields": {
    "invoice": 10,
    "fee_structure": 1,
    "description": "Term 1 Fees",
    "amount": "20000.00"
  }
},
{
  "model": "finance.invoiceitem",
  "pk": 21,
  "fields": {
    "invoice": 10,
    "fee_structure": null,
    "description": "Hostel Fee: Ndovu (Ndovu 102)",
    "amount": "0.00"
  }
},
{
  "model": "finance.invoiceitem",
  "pk": 22,
  "fields": {
    "invoice": 11,
    "fee_structure": 1,
    "description": "Term 1 Fees",
    "amount": "20000.00"
  }
},
{
  "model": "finance.invoiceitem",
  "pk": 23,
  "fields": {
    "invoice": 11,
    "fee_structure": null,
    "description": "Hostel Fee: Ndovu (Ndovu 101)",
    "amount": "0.00"
  }
},
{
  "model": "finance.invoiceitem",
  "pk": 24,
  "fields": {
    "invoice": 12,
    "fee_structure": 1,
    "description": "Term 1 Fees",
    "amount": "20000.00"
  }
},
{
  "model": "finance.invoiceitem",
  "pk": 25,
  "fields": {
    "invoice": 12,
    "fee_structure": null,
    "description": "Hostel Fee: Simba (Simba 101)",
    "amount": "0.00"
  }
},
{
  "model": "finance.invoiceitem",
  "pk": 26,
  "fields": {
    "invoice": 13,
    "fee_structure": 1,
    "description": "Term 1 Fees",
    "amount": "20000.00"
  }
},
{
  "model": "finance.invoiceitem",
  "pk": 27,
  "fields": {
    "invoice": 13,
    "fee_structure": null,
    "description": "Hostel Fee: Simba (Simba 101)",
    "amount": "0.00"
  }
},
{
  "model": "finance.invoiceitem",
  "pk": 28,
  "fields": {
    "invoice": 14,
    "fee_structure": 1,
    "description": "Term 1 Fees",
    "amount": "20000.00"
  }
},
{
  "model": "finance.invoiceitem",
  "pk": 29,
  "fields": {
    "invoice": 14,
    "fee_structure": null,
    "description": "Hostel Fee: Ndovu (Ndovu 101)",
    "amount": "0.00"
  }
},
{
  "model": "finance.invoiceitem",
  "pk": 30,
  "fields": {
    "invoice": 15,
    "fee_structure": 1,
    "description": "Term 1 Fees",
    "amount": "20000.00"
  }
},
{
  "model": "finance.invoiceitem",
  "pk": 31,
  "fields": {
    "invoice": 15,
    "fee_structure": null,
    "description": "Hostel Fee: Simba (Simba 101)",
    "amount": "0.00"
  }
},
{
  "model": "finance.invoiceitem",
  "pk": 32,
  "fields": {
    "invoice": 16,
    "fee_structure": 1,
    "description": "Term 1 Fees",
    "amount": "20000.00"
  }
},
{
  "model": "finance.invoiceitem",
  "pk": 33,
  "fields": {
    "invoice": 16,
    "fee_structure": null,
    "description": "Hostel Fee: Simba (Simba 101)",
    "amount": "0.00"
  }
},
{
  "model": "finance.invoiceitem",
  "pk": 34,
  "fields": {
    "invoice": 17,
    "fee_structure": 1,
    "description": "Term 1 Fees",
    "amount": "20000.00"
  }
},
{
  "model": "finance.invoiceitem",
  "pk": 35,
  "fields": {
    "invoice": 17,
    "fee_structure": null,
    "description": "Hostel Fee: Simba (Simba 102)",
    "amount": "0.00"
  }
},
{
  "model": "finance.invoiceitem",
  "pk": 36,
  "fields": {
    "invoice": 18,
    "fee_structure": 1,
    "description": "Term 1 Fees",
    "amount": "20000.00"
  }
},
{
  "model": "finance.invoiceitem",
  "pk": 37,
  "fields": {
    "invoice": 18,
    "fee_structure": null,
    "description": "Hostel Fee: Simba (Simba 102)",
    "amount": "0.00"
  }
},
{
  "model": "finance.invoiceitem",
  "pk": 38,
  "fields": {
    "invoice": 19,
    "fee_structure": 1,
    "description": "Term 1 Fees",
    "amount": "20000.00"
  }
},
{
  "model": "finance.invoiceitem",
  "pk": 39,
  "fields": {
    "invoice": 19,
    "fee_structure": null,
    "description": "Hostel Fee: Simba (Simba 102)",
    "amount": "0.00"
  }
},
{
  "model": "finance.invoiceitem",
  "pk": 40,
  "fields": {
    "invoice": 20,
    "fee_structure": 1,
    "description": "Term 1 Fees",
    "amount": "20000.00"
  }
},
{
  "model": "finance.invoiceitem",
  "pk": 41,
  "fields": {
    "invoice": 20,
    "fee_structure": null,
    "description": "Hostel Fee: Simba (Simba 102)",
    "amount": "0.00"
  }
},
{
  "model": "finance.invoiceitem",
  "pk": 42,
  "fields": {
    "invoice": 21,
    "fee_structure": 1,
    "description": "Term 1 Fees",
    "amount": "20000.00"
  }
},
{
  "model": "finance.invoiceitem",
  "pk": 43,
  "fields": {
    "invoice": 21,
    "fee_structure": null,
    "description": "Hostel Fee: Swara (Swara 101)",
    "amount": "0.00"
  }
},
{
  "model": "finance.invoiceitem",
  "pk": 44,
  "fields": {
    "invoice": 22,
    "fee_structure": 1,
    "description": "Term 1 Fees",
    "amount": "20000.00"
  }
},
{
  "model": "finance.invoiceitem",
  "pk": 45,
  "fields": {
    "invoice": 22,
    "fee_structure": null,
    "description": "Hostel Fee: Swara (Swara 101)",
    "amount": "0.00"
  }
},
{
  "model": "finance.invoiceitem",
  "pk": 46,
  "fields": {
    "invoice": 23,
    "fee_structure": 1,
    "description": "Term 1 Fees",
    "amount": "20000.00"
  }
},
{
  "model": "finance.invoiceitem",
  "pk": 47,
  "fields": {
    "invoice": 23,
    "fee_structure": null,
    "description": "Hostel Fee: Swara (Swara 101)",
    "amount": "0.00"
  }
},
{
  "model": "finance.invoiceitem",
  "pk": 48,
  "fields": {
    "invoice": 24,
    "fee_structure": 1,
    "description": "Term 1 Fees",
    "amount": "20000.00"
  }
},
{
  "model": "finance.invoiceitem",
  "pk": 49,
  "fields": {
    "invoice": 24,
    "fee_structure": null,
    "description": "Hostel Fee: Swara (Swara 101)",
    "amount": "0.00"
  }
},
{
  "model": "finance.invoiceitem",
  "pk": 50,
  "fields": {
    "invoice": 25,
    "fee_structure": 1,
    "description": "Term 1 Fees",
    "amount": "20000.00"
  }
},
{
  "model": "finance.invoiceitem",
  "pk": 51,
  "fields": {
    "invoice": 26,
    "fee_structure": 1,
    "description": "Term 1 Fees",
    "amount": "20000.00"
  }
},
{
  "model": "finance.invoiceitem",
  "pk": 52,
  "fields": {
    "invoice": 26,
    "fee_structure": null,
    "description": "Hostel Fee: Swara (Swara 101)",
    "amount": "0.00"
  }
},
{
  "model": "finance.invoiceitem",
  "pk": 53,
  "fields": {
    "invoice": 27,
    "fee_structure": 1,
    "description": "Term 1 Fees",
    "amount": "20000.00"
  }
},
{
  "model": "finance.invoiceitem",
  "pk": 54,
  "fields": {
    "invoice": 27,
    "fee_structure": null,
    "description": "Hostel Fee: Swara (Swara 102)",
    "amount": "0.00"
  }
},
{
  "model": "finance.invoiceitem",
  "pk": 55,
  "fields": {
    "invoice": 28,
    "fee_structure": 1,
    "description": "Term 1 Fees",
    "amount": "20000.00"
  }
},
{
  "model": "finance.invoiceitem",
  "pk": 56,
  "fields": {
    "invoice": 28,
    "fee_structure": null,
    "description": "Hostel Fee: Swara (Swara 102)",
    "amount": "0.00"
  }
},
{
  "model": "finance.invoiceitem",
  "pk": 57,
  "fields": {
    "invoice": 29,
    "fee_structure": 1,
    "description": "Term 1 Fees",
    "amount": "20000.00"
  }
},
{
  "model": "finance.invoiceitem",
  "pk": 58,
  "fields": {
    "invoice": 29,
    "fee_structure": null,
    "description": "Hostel Fee: Swara (Swara 102)",
    "amount": "0.00"
  }
},
{
  "model": "finance.invoiceitem",
  "pk": 59,
  "fields": {
    "invoice": 30,
    "fee_structure": 1,
    "description": "Term 1 Fees",
    "amount": "20000.00"
  }
},
{
  "model": "finance.invoiceitem",
  "pk": 60,
  "fields": {
    "invoice": 30,
    "fee_structure": null,
    "description": "Hostel Fee: Swara (Swara 102)",
    "amount": "0.00"
  }
},
{
  "model": "finance.invoiceitem",
  "pk": 61,
  "fields": {
    "invoice": 31,
    "fee_structure": 1,
    "description": "Term 1 Fees",
    "amount": "20000.00"
  }
},
{
  "model": "finance.invoiceitem",
  "pk": 62,
  "fields": {
    "invoice": 31,
    "fee_structure": null,
    "description": "Hostel Fee: Swara (Swara 102)",
    "amount": "0.00"
  }
},
{
  "model": "finance.invoiceitem",
  "pk": 64,
  "fields": {
    "invoice": 33,
    "fee_structure": 1,
    "description": "Term 1 Fees",
    "amount": "20000.00"
  }
},
{
  "model": "finance.invoiceitem",
  "pk": 65,
  "fields": {
    "invoice": 33,
    "fee_structure": null,
    "description": "Hostel Fee: Chui (Chui 101)",
    "amount": "0.00"
  }
},
{
  "model": "finance.invoiceitem",
  "pk": 66,
  "fields": {
    "invoice": 34,
    "fee_structure": 1,
    "description": "Term 1 Fees",
    "amount": "20000.00"
  }
},
{
  "model": "finance.invoiceitem",
  "pk": 67,
  "fields": {
    "invoice": 34,
    "fee_structure": null,
    "description": "Hostel Fee: Chui (Chui 101)",
    "amount": "0.00"
  }
},
{
  "model": "finance.invoiceitem",
  "pk": 68,
  "fields": {
    "invoice": 35,
    "fee_structure": 1,
    "description": "Term 1 Fees",
    "amount": "20000.00"
  }
},
{
  "model": "finance.invoiceitem",
  "pk": 69,
  "fields": {
    "invoice": 35,
    "fee_structure": null,
    "description": "Hostel Fee: Chui (Chui 101)",
    "amount": "0.00"
  }
},
{
  "model": "finance.invoiceitem",
  "pk": 70,
  "fields": {
    "invoice": 36,
    "fee_structure": 1,
    "description": "Term 1 Fees",
    "amount": "20000.00"
  }
},
{
  "model": "finance.invoiceitem",
  "pk": 71,
  "fields": {
    "invoice": 36,
    "fee_structure": null,
    "description": "Hostel Fee: Chui (Chui 101)",
    "amount": "0.00"
  }
},
{
  "model": "finance.invoiceitem",
  "pk": 72,
  "fields": {
    "invoice": 37,
    "fee_structure": 1,
    "description": "Term 1 Fees",
    "amount": "20000.00"
  }
},
{
  "model": "finance.invoiceitem",
  "pk": 73,
  "fields": {
    "invoice": 37,
    "fee_structure": null,
    "description": "Hostel Fee: Chui (Chui 101)",
    "amount": "0.00"
  }
},
{
  "model": "finance.invoiceitem",
  "pk": 74,
  "fields": {
    "invoice": 38,
    "fee_structure": 1,
    "description": "Term 1 Fees",
    "amount": "20000.00"
  }
},
{
  "model": "finance.invoiceitem",
  "pk": 75,
  "fields": {
    "invoice": 38,
    "fee_structure": null,
    "description": "Hostel Fee: Chui (Chui 102)",
    "amount": "0.00"
  }
},
{
  "model": "finance.invoiceitem",
  "pk": 76,
  "fields": {
    "invoice": 39,
    "fee_structure": 1,
    "description": "Term 1 Fees",
    "amount": "20000.00"
  }
},
{
  "model": "finance.invoiceitem",
  "pk": 77,
  "fields": {
    "invoice": 39,
    "fee_structure": null,
    "description": "Hostel Fee: Chui (Chui 102)",
    "amount": "0.00"
  }
},
{
  "model": "finance.invoiceitem",
  "pk": 78,
  "fields": {
    "invoice": 40,
    "fee_structure": 1,
    "description": "Term 1 Fees",
    "amount": "20000.00"
  }
},
{
  "model": "finance.invoiceitem",
  "pk": 79,
  "fields": {
    "invoice": 40,
    "fee_structure": null,
    "description": "Hostel Fee: Chui (Chui 102)",
    "amount": "0.00"
  }
},
{
  "model": "finance.invoiceitem",
  "pk": 80,
  "fields": {
    "invoice": 41,
    "fee_structure": 1,
    "description": "Term 1 Fees",
    "amount": "20000.00"
  }
},
{
  "model": "finance.invoiceitem",
  "pk": 81,
  "fields": {
    "invoice": 41,
    "fee_structure": null,
    "description": "Hostel Fee: Chui (Chui 102)",
    "amount": "0.00"
  }
},
{
  "model": "finance.invoiceitem",
  "pk": 82,
  "fields": {
    "invoice": 16,
    "fee_structure": null,
    "description": "Transport: Drivein-Survey (Route: Alssops-Muthaiga)",
    "amount": "2000.00"
  }
},
{
  "model": "finance.payment",
  "pk": 1,
  "fields": {
    "invoice": 2,
    "amount": "20000.00",
    "method": "CASH",
    "reference_number": "",
    "date_received": "2026-02-07",
    "received_by": 3,
    "notes": ""
  }
},
{
  "model": "finance.expense",
  "pk": 1,
  "fields": {
    "category": "MAINTENANCE",
    "status": "PENDING",
    "amount": "2550.00",
    "description": "Vehicle Service: KDX 876X - Tire Repair",
    "paid_to": "Mechanic",
    "date_occurred": "2026-02-07",
    "approved_by": null,
    "receipt_scan": ""
  }
},
{
  "model": "finance.expense",
  "pk": 2,
  "fields": {
    "category": "SUPPLIES",
    "status": "PENDING",
    "amount": "1450.00",
    "description": "Asset Purchase: FURNITURE x1 for Chui",
    "paid_to": "Supplier",
    "date_occurred": "2026-02-07",
    "approved_by": null,
    "receipt_scan": ""
  }
},
{
  "model": "finance.expense",
  "pk": 3,
  "fields": {
    "category": "SUPPLIES",
    "status": "PENDING",
    "amount": "1450.00",
    "description": "Auto-generated from Hostel Asset entry. Room: Chui - Rm Chui 103. Type: FURNITURE",
    "paid_to": "Vendor (Auto)",
    "date_occurred": "2026-02-07",
    "approved_by": null,
    "receipt_scan": ""
  }
},
{
  "model": "finance.expense",
  "pk": 4,
  "fields": {
    "category": "MAINTENANCE",
    "status": "PENDING",
    "amount": "1500.00",
    "description": "Hostel Repair: Bed Fumigation (Ndovu)",
    "paid_to": "Maintenance Vendor",
    "date_occurred": "2026-02-07",
    "approved_by": null,
    "receipt_scan": ""
  }
},
{
  "model": "finance.expense",
  "pk": 5,
  "fields": {
    "category": "MAINTENANCE",
    "status": "PENDING",
    "amount": "1500.00",
    "description": "Hostel Maintenance: Bed Fumigation (Ndovu - None)",
    "paid_to": "Repair Service",
    "date_occurred": "2026-02-07",
    "approved_by": null,
    "receipt_scan": ""
  }
},
{
  "model": "finance.expense",
  "pk": 6,
  "fields": {
    "category": "MAINTENANCE",
    "status": "PENDING",
    "amount": "2500.00",
    "description": "Hostel Repair: Bed Fumigation (Simba)",
    "paid_to": "Maintenance Vendor",
    "date_occurred": "2026-02-07",
    "approved_by": null,
    "receipt_scan": ""
  }
},
{
  "model": "finance.expense",
  "pk": 7,
  "fields": {
    "category": "MAINTENANCE",
    "status": "PENDING",
    "amount": "2500.00",
    "description": "Hostel Maintenance: Bed Fumigation (Simba - None)",
    "paid_to": "Repair Service",
    "date_occurred": "2026-02-07",
    "approved_by": null,
    "receipt_scan": ""
  }
},
{
  "model": "finance.expense",
  "pk": 8,
  "fields": {
    "category": "TRANSPORT",
    "status": "PENDING",
    "amount": "18600.00",
    "description": "Fuel Record #1: 100.00L for KDX 876X",
    "paid_to": "Pump Station",
    "date_occurred": "2026-02-08",
    "approved_by": null,
    "receipt_scan": ""
  }
},
{
  "model": "finance.expense",
  "pk": 9,
  "fields": {
    "category": "MAINTENANCE",
    "status": "PENDING",
    "amount": "200.00",
    "description": "Hostel Repair: bulb replacement (Swara)",
    "paid_to": "Maintenance Vendor",
    "date_occurred": "2026-02-08",
    "approved_by": null,
    "receipt_scan": ""
  }
},
{
  "model": "finance.expense",
  "pk": 10,
  "fields": {
    "category": "MAINTENANCE",
    "status": "PENDING",
    "amount": "200.00",
    "description": "Hostel Maintenance: bulb replacement (Swara - Swara - Rm Swara 101)",
    "paid_to": "Repair Service",
    "date_occurred": "2026-02-08",
    "approved_by": null,
    "receipt_scan": ""
  }
},
{
  "model": "finance.expense",
  "pk": 11,
  "fields": {
    "category": "MAINTENANCE",
    "status": "PENDING",
    "amount": "2550.00",
    "description": "Vehicle Service: KDX 876X - Tire Repair",
    "paid_to": "Mechanic",
    "date_occurred": "2026-02-08",
    "approved_by": null,
    "receipt_scan": ""
  }
},
{
  "model": "transport.vehicle",
  "pk": 1,
  "fields": {
    "registration_number": "KDX 876X",
    "vehicle_type": "MINIBUS",
    "make_model": "Mercedes-Benz Sprinter",
    "seating_capacity": 20,
    "current_condition": "EXCELLENT",
    "status": "ACTIVE",
    "insurance_expiry": "2026-12-31",
    "inspection_expiry": null,
    "logbook_number": ""
  }
},
{
  "model": "transport.vehicle",
  "pk": 2,
  "fields": {
    "registration_number": "KDx 543g",
    "vehicle_type": "MINIBUS",
    "make_model": "Marcedes-Benz Spriner",
    "seating_capacity": 20,
    "current_condition": "EXCELLENT",
    "status": "ACTIVE",
    "insurance_expiry": "2026-12-31",
    "inspection_expiry": null,
    "logbook_number": ""
  }
},
{
  "model": "transport.route",
  "pk": 1,
  "fields": {
    "name": "Alssops-Muthaiga",
    "route_code": "Rt-101",
    "distance_km": "10.00",
    "timing_morning": null,
    "timing_evening": null,
    "base_cost": "4000.00",
    "status": "ACTIVE"
  }
},
{
  "model": "transport.route",
  "pk": 2,
  "fields": {
    "name": "Alsops-Thika",
    "route_code": "Rt-102",
    "distance_km": "37.00",
    "timing_morning": null,
    "timing_evening": null,
    "base_cost": "6000.00",
    "status": "ACTIVE"
  }
},
{
  "model": "transport.pickuppoint",
  "pk": 1,
  "fields": {
    "route": 1,
    "point_name": "Drivein-Survey",
    "pickup_time": "07:00:00",
    "dropoff_time": "04:30:00",
    "distance_from_school": "5.00",
    "additional_cost": "2000.00"
  }
},
{
  "model": "transport.pickuppoint",
  "pk": 2,
  "fields": {
    "route": 1,
    "point_name": "NYS HQ",
    "pickup_time": "07:10:00",
    "dropoff_time": "04:35:00",
    "distance_from_school": "7.00",
    "additional_cost": "2800.00"
  }
},
{
  "model": "transport.pickuppoint",
  "pk": 3,
  "fields": {
    "route": 2,
    "point_name": "Ruiru",
    "pickup_time": "07:20:00",
    "dropoff_time": "04:00:00",
    "distance_from_school": "17.00",
    "additional_cost": "2756.76"
  }
},
{
  "model": "transport.pickuppoint",
  "pk": 4,
  "fields": {
    "route": 2,
    "point_name": "Rosters",
    "pickup_time": "07:00:00",
    "dropoff_time": "04:00:00",
    "distance_from_school": "5.00",
    "additional_cost": "810.81"
  }
},
{
  "model": "transport.pickuppoint",
  "pk": 5,
  "fields": {
    "route": 2,
    "point_name": "Roysambu",
    "pickup_time": "07:05:00",
    "dropoff_time": "04:35:00",
    "distance_from_school": "9.00",
    "additional_cost": "1459.46"
  }
},
{
  "model": "transport.transportallocation",
  "pk": 1,
  "fields": {
    "student": 2,
    "route": 1,
    "pickup_point": 2,
    "seat_number": "",
    "start_date": "2026-02-07",
    "end_date": null,
    "status": "ACTIVE"
  }
},
{
  "model": "transport.transportallocation",
  "pk": 2,
  "fields": {
    "student": 27,
    "route": 1,
    "pickup_point": 1,
    "seat_number": "",
    "start_date": "2026-02-08",
    "end_date": null,
    "status": "ACTIVE"
  }
},
{
  "model": "transport.triplog",
  "pk": 1,
  "fields": {
    "vehicle": 1,
    "route": 1,
    "driver": null,
    "attendant": "Kamau Kim",
    "trip_type": "MORNING",
    "date": "2026-02-07",
    "departure_time": "07:00:00",
    "arrival_time": "08:00:00",
    "odometer_start": null,
    "odometer_end": null,
    "status": "COMPLETED"
  }
},
{
  "model": "transport.vehiclemaintenance",
  "pk": 1,
  "fields": {
    "vehicle": 1,
    "service_date": "2026-02-08",
    "description": "Tire Repair",
    "cost": "2550.00",
    "mileage_at_service": null,
    "next_service_due": null,
    "performed_by": "",
    "status": "PENDING"
  }
},
{
  "model": "transport.fuelrecord",
  "pk": 1,
  "fields": {
    "vehicle": 1,
    "date": "2026-02-08",
    "liters": "100.00",
    "amount": "18600.00",
    "mileage": 2300,
    "receipt_no": "rct no-345"
  }
},
{
  "model": "transport.transportincident",
  "pk": 1,
  "fields": {
    "vehicle": 1,
    "date": "2026-02-07",
    "severity": "MINOR",
    "incident_type": "BREAKDOWN",
    "description": "Tire bust",
    "action_taken": "",
    "reported_by": 3
  }
},
{
  "model": "library.book",
  "pk": 3,
  "fields": {
    "title": "Blossoms of the Savannah",
    "author": "Henry R. Ole Kulet",
    "isbn": "9789966499264",
    "publisher": "",
    "edition": "",
    "year": 2026,
    "category": "English Set Book",
    "language": "English",
    "description": ""
  }
},
{
  "model": "library.book",
  "pk": 4,
  "fields": {
    "title": "The Pearl",
    "author": "John Steinbec",
    "isbn": "9780582461475",
    "publisher": "",
    "edition": "",
    "year": 2026,
    "category": "English Set Book",
    "language": "English",
    "description": ""
  }
},
{
  "model": "library.book",
  "pk": 5,
  "fields": {
    "title": "Chozi la Heri",
    "author": "Assumpta K. Matei",
    "isbn": "9789966068187",
    "publisher": "",
    "edition": "",
    "year": 2026,
    "category": "Kiswahili Set Books",
    "language": "English",
    "description": ""
  }
},
{
  "model": "library.book",
  "pk": 6,
  "fields": {
    "title": "A Doll's House",
    "author": "Henrik Ibsen",
    "isbn": "987654456787",
    "publisher": "",
    "edition": "",
    "year": 2026,
    "category": "English Set Book",
    "language": "English",
    "description": ""
  }
},
{
  "model": "library.book",
  "pk": 7,
  "fields": {
    "title": "Made farmilia",
    "author": "J.K.Mate",
    "isbn": "9867654323",
    "publisher": "",
    "edition": "",
    "year": 2026,
    "category": "Science Biology",
    "language": "English",
    "description": ""
  }
},
{
  "model": "library.bookcopy",
  "pk": 654,
  "fields": {
    "book": 3,
    "copy_number": "CPY-3-1770463884144-1",
    "barcode": null,
    "shelf_location": "",
    "status": "AVAILABLE",
    "condition": "NEW",
    "purchase_date": "2026-02-07"
  }
},
{
  "model": "library.bookcopy",
  "pk": 655,
  "fields": {
    "book": 3,
    "copy_number": "CPY-3-1770463884146-3",
    "barcode": null,
    "shelf_location": "",
    "status": "AVAILABLE",
    "condition": "NEW",
    "purchase_date": "2026-02-07"
  }
},
{
  "model": "library.bookcopy",
  "pk": 656,
  "fields": {
    "book": 3,
    "copy_number": "CPY-3-1770463884146-2",
    "barcode": null,
    "shelf_location": "",
    "status": "AVAILABLE",
    "condition": "NEW",
    "purchase_date": "2026-02-07"
  }
},
{
  "model": "library.bookcopy",
  "pk": 657,
  "fields": {
    "book": 3,
    "copy_number": "CPY-3-1770463884147-5",
    "barcode": null,
    "shelf_location": "",
    "status": "AVAILABLE",
    "condition": "NEW",
    "purchase_date": "2026-02-07"
  }
},
{
  "model": "library.bookcopy",
  "pk": 658,
  "fields": {
    "book": 3,
    "copy_number": "CPY-3-1770463884147-8",
    "barcode": null,
    "shelf_location": "",
    "status": "AVAILABLE",
    "condition": "NEW",
    "purchase_date": "2026-02-07"
  }
},
{
  "model": "library.bookcopy",
  "pk": 659,
  "fields": {
    "book": 3,
    "copy_number": "CPY-3-1770463884147-10",
    "barcode": null,
    "shelf_location": "",
    "status": "AVAILABLE",
    "condition": "NEW",
    "purchase_date": "2026-02-07"
  }
},
{
  "model": "library.bookcopy",
  "pk": 660,
  "fields": {
    "book": 3,
    "copy_number": "CPY-3-1770463884148-11",
    "barcode": null,
    "shelf_location": "",
    "status": "AVAILABLE",
    "condition": "NEW",
    "purchase_date": "2026-02-07"
  }
},
{
  "model": "library.bookcopy",
  "pk": 661,
  "fields": {
    "book": 3,
    "copy_number": "CPY-3-1770463884147-6",
    "barcode": null,
    "shelf_location": "",
    "status": "AVAILABLE",
    "condition": "NEW",
    "purchase_date": "2026-02-07"
  }
},
{
  "model": "library.bookcopy",
  "pk": 662,
  "fields": {
    "book": 3,
    "copy_number": "CPY-3-1770463884147-9",
    "barcode": null,
    "shelf_location": "",
    "status": "AVAILABLE",
    "condition": "NEW",
    "purchase_date": "2026-02-07"
  }
},
{
  "model": "library.bookcopy",
  "pk": 663,
  "fields": {
    "book": 3,
    "copy_number": "CPY-3-1770463884148-12",
    "barcode": null,
    "shelf_location": "",
    "status": "AVAILABLE",
    "condition": "NEW",
    "purchase_date": "2026-02-07"
  }
},
{
  "model": "library.bookcopy",
  "pk": 664,
  "fields": {
    "book": 3,
    "copy_number": "CPY-3-1770463884147-7",
    "barcode": null,
    "shelf_location": "",
    "status": "AVAILABLE",
    "condition": "NEW",
    "purchase_date": "2026-02-07"
  }
},
{
  "model": "library.bookcopy",
  "pk": 665,
  "fields": {
    "book": 3,
    "copy_number": "CPY-3-1770463884148-13",
    "barcode": null,
    "shelf_location": "",
    "status": "AVAILABLE",
    "condition": "NEW",
    "purchase_date": "2026-02-07"
  }
},
{
  "model": "library.bookcopy",
  "pk": 666,
  "fields": {
    "book": 3,
    "copy_number": "CPY-3-1770463884150-15",
    "barcode": null,
    "shelf_location": "",
    "status": "AVAILABLE",
    "condition": "NEW",
    "purchase_date": "2026-02-07"
  }
},
{
  "model": "library.bookcopy",
  "pk": 667,
  "fields": {
    "book": 3,
    "copy_number": "CPY-3-1770463884150-16",
    "barcode": null,
    "shelf_location": "",
    "status": "AVAILABLE",
    "condition": "NEW",
    "purchase_date": "2026-02-07"
  }
},
{
  "model": "library.bookcopy",
  "pk": 668,
  "fields": {
    "book": 3,
    "copy_number": "CPY-3-1770463884150-17",
    "barcode": null,
    "shelf_location": "",
    "status": "AVAILABLE",
    "condition": "NEW",
    "purchase_date": "2026-02-07"
  }
},
{
  "model": "library.bookcopy",
  "pk": 669,
  "fields": {
    "book": 3,
    "copy_number": "CPY-3-1770463884149-14",
    "barcode": null,
    "shelf_location": "",
    "status": "AVAILABLE",
    "condition": "NEW",
    "purchase_date": "2026-02-07"
  }
},
{
  "model": "library.bookcopy",
  "pk": 670,
  "fields": {
    "book": 3,
    "copy_number": "CPY-3-1770463884150-19",
    "barcode": null,
    "shelf_location": "",
    "status": "AVAILABLE",
    "condition": "NEW",
    "purchase_date": "2026-02-07"
  }
},
{
  "model": "library.bookcopy",
  "pk": 671,
  "fields": {
    "book": 3,
    "copy_number": "CPY-3-1770463884150-18",
    "barcode": null,
    "shelf_location": "",
    "status": "AVAILABLE",
    "condition": "NEW",
    "purchase_date": "2026-02-07"
  }
},
{
  "model": "library.bookcopy",
  "pk": 672,
  "fields": {
    "book": 3,
    "copy_number": "CPY-3-1770463884150-22",
    "barcode": null,
    "shelf_location": "",
    "status": "AVAILABLE",
    "condition": "NEW",
    "purchase_date": "2026-02-07"
  }
},
{
  "model": "library.bookcopy",
  "pk": 673,
  "fields": {
    "book": 3,
    "copy_number": "CPY-3-1770463884150-23",
    "barcode": null,
    "shelf_location": "",
    "status": "AVAILABLE",
    "condition": "NEW",
    "purchase_date": "2026-02-07"
  }
},
{
  "model": "library.bookcopy",
  "pk": 674,
  "fields": {
    "book": 3,
    "copy_number": "CPY-3-1770463884150-25",
    "barcode": null,
    "shelf_location": "",
    "status": "AVAILABLE",
    "condition": "NEW",
    "purchase_date": "2026-02-07"
  }
},
{
  "model": "library.bookcopy",
  "pk": 675,
  "fields": {
    "book": 3,
    "copy_number": "CPY-3-1770463884150-27",
    "barcode": null,
    "shelf_location": "",
    "status": "AVAILABLE",
    "condition": "NEW",
    "purchase_date": "2026-02-07"
  }
},
{
  "model": "library.bookcopy",
  "pk": 676,
  "fields": {
    "book": 3,
    "copy_number": "CPY-3-1770463884150-24",
    "barcode": null,
    "shelf_location": "",
    "status": "AVAILABLE",
    "condition": "NEW",
    "purchase_date": "2026-02-07"
  }
},
{
  "model": "library.bookcopy",
  "pk": 677,
  "fields": {
    "book": 3,
    "copy_number": "CPY-3-1770463884150-26",
    "barcode": null,
    "shelf_location": "",
    "status": "AVAILABLE",
    "condition": "NEW",
    "purchase_date": "2026-02-07"
  }
},
{
  "model": "library.bookcopy",
  "pk": 678,
  "fields": {
    "book": 3,
    "copy_number": "CPY-3-1770463884151-30",
    "barcode": null,
    "shelf_location": "",
    "status": "AVAILABLE",
    "condition": "NEW",
    "purchase_date": "2026-02-07"
  }
},
{
  "model": "library.bookcopy",
  "pk": 679,
  "fields": {
    "book": 3,
    "copy_number": "CPY-3-1770463884150-28",
    "barcode": null,
    "shelf_location": "",
    "status": "AVAILABLE",
    "condition": "NEW",
    "purchase_date": "2026-02-07"
  }
},
{
  "model": "library.bookcopy",
  "pk": 680,
  "fields": {
    "book": 3,
    "copy_number": "CPY-3-1770463884150-21",
    "barcode": null,
    "shelf_location": "",
    "status": "AVAILABLE",
    "condition": "NEW",
    "purchase_date": "2026-02-07"
  }
},
{
  "model": "library.bookcopy",
  "pk": 681,
  "fields": {
    "book": 3,
    "copy_number": "CPY-3-1770463884150-20",
    "barcode": null,
    "shelf_location": "",
    "status": "AVAILABLE",
    "condition": "NEW",
    "purchase_date": "2026-02-07"
  }
},
{
  "model": "library.bookcopy",
  "pk": 682,
  "fields": {
    "book": 3,
    "copy_number": "CPY-3-1770463884150-29",
    "barcode": null,
    "shelf_location": "",
    "status": "AVAILABLE",
    "condition": "NEW",
    "purchase_date": "2026-02-07"
  }
},
{
  "model": "library.bookcopy",
  "pk": 683,
  "fields": {
    "book": 3,
    "copy_number": "CPY-3-1770463884151-31",
    "barcode": null,
    "shelf_location": "",
    "status": "AVAILABLE",
    "condition": "NEW",
    "purchase_date": "2026-02-07"
  }
},
{
  "model": "library.bookcopy",
  "pk": 684,
  "fields": {
    "book": 3,
    "copy_number": "CPY-3-1770463884151-33",
    "barcode": null,
    "shelf_location": "",
    "status": "AVAILABLE",
    "condition": "NEW",
    "purchase_date": "2026-02-07"
  }
},
{
  "model": "library.bookcopy",
  "pk": 685,
  "fields": {
    "book": 3,
    "copy_number": "CPY-3-1770463884151-34",
    "barcode": null,
    "shelf_location": "",
    "status": "AVAILABLE",
    "condition": "NEW",
    "purchase_date": "2026-02-07"
  }
},
{
  "model": "library.bookcopy",
  "pk": 686,
  "fields": {
    "book": 3,
    "copy_number": "CPY-3-1770463884151-36",
    "barcode": null,
    "shelf_location": "",
    "status": "AVAILABLE",
    "condition": "NEW",
    "purchase_date": "2026-02-07"
  }
},
{
  "model": "library.bookcopy",
  "pk": 687,
  "fields": {
    "book": 3,
    "copy_number": "CPY-3-1770463884151-37",
    "barcode": null,
    "shelf_location": "",
    "status": "AVAILABLE",
    "condition": "NEW",
    "purchase_date": "2026-02-07"
  }
},
{
  "model": "library.bookcopy",
  "pk": 688,
  "fields": {
    "book": 3,
    "copy_number": "CPY-3-1770463884151-38",
    "barcode": null,
    "shelf_location": "",
    "status": "AVAILABLE",
    "condition": "NEW",
    "purchase_date": "2026-02-07"
  }
},
{
  "model": "library.bookcopy",
  "pk": 689,
  "fields": {
    "book": 3,
    "copy_number": "CPY-3-1770463884151-39",
    "barcode": null,
    "shelf_location": "",
    "status": "AVAILABLE",
    "condition": "NEW",
    "purchase_date": "2026-02-07"
  }
},
{
  "model": "library.bookcopy",
  "pk": 690,
  "fields": {
    "book": 3,
    "copy_number": "CPY-3-1770463884151-32",
    "barcode": null,
    "shelf_location": "",
    "status": "AVAILABLE",
    "condition": "NEW",
    "purchase_date": "2026-02-07"
  }
},
{
  "model": "library.bookcopy",
  "pk": 691,
  "fields": {
    "book": 3,
    "copy_number": "CPY-3-1770463884146-4",
    "barcode": null,
    "shelf_location": "",
    "status": "AVAILABLE",
    "condition": "NEW",
    "purchase_date": "2026-02-07"
  }
},
{
  "model": "library.bookcopy",
  "pk": 692,
  "fields": {
    "book": 3,
    "copy_number": "CPY-3-1770463884151-35",
    "barcode": null,
    "shelf_location": "",
    "status": "AVAILABLE",
    "condition": "NEW",
    "purchase_date": "2026-02-07"
  }
},
{
  "model": "library.bookcopy",
  "pk": 693,
  "fields": {
    "book": 3,
    "copy_number": "CPY-3-1770463884152-40",
    "barcode": null,
    "shelf_location": "",
    "status": "AVAILABLE",
    "condition": "NEW",
    "purchase_date": "2026-02-07"
  }
},
{
  "model": "library.bookcopy",
  "pk": 694,
  "fields": {
    "book": 4,
    "copy_number": "CPY-4-1770464000441-4",
    "barcode": null,
    "shelf_location": "",
    "status": "AVAILABLE",
    "condition": "NEW",
    "purchase_date": "2026-02-07"
  }
},
{
  "model": "library.bookcopy",
  "pk": 695,
  "fields": {
    "book": 4,
    "copy_number": "CPY-4-1770464000441-3",
    "barcode": null,
    "shelf_location": "",
    "status": "AVAILABLE",
    "condition": "NEW",
    "purchase_date": "2026-02-07"
  }
},
{
  "model": "library.bookcopy",
  "pk": 696,
  "fields": {
    "book": 4,
    "copy_number": "CPY-4-1770464000441-2",
    "barcode": null,
    "shelf_location": "",
    "status": "AVAILABLE",
    "condition": "NEW",
    "purchase_date": "2026-02-07"
  }
},
{
  "model": "library.bookcopy",
  "pk": 697,
  "fields": {
    "book": 4,
    "copy_number": "CPY-4-1770464000441-5",
    "barcode": null,
    "shelf_location": "",
    "status": "AVAILABLE",
    "condition": "NEW",
    "purchase_date": "2026-02-07"
  }
},
{
  "model": "library.bookcopy",
  "pk": 698,
  "fields": {
    "book": 4,
    "copy_number": "CPY-4-1770464000441-6",
    "barcode": null,
    "shelf_location": "",
    "status": "AVAILABLE",
    "condition": "NEW",
    "purchase_date": "2026-02-07"
  }
},
{
  "model": "library.bookcopy",
  "pk": 699,
  "fields": {
    "book": 4,
    "copy_number": "CPY-4-1770464000441-11",
    "barcode": null,
    "shelf_location": "",
    "status": "AVAILABLE",
    "condition": "NEW",
    "purchase_date": "2026-02-07"
  }
},
{
  "model": "library.bookcopy",
  "pk": 700,
  "fields": {
    "book": 4,
    "copy_number": "CPY-4-1770464000441-10",
    "barcode": null,
    "shelf_location": "",
    "status": "AVAILABLE",
    "condition": "NEW",
    "purchase_date": "2026-02-07"
  }
},
{
  "model": "library.bookcopy",
  "pk": 701,
  "fields": {
    "book": 4,
    "copy_number": "CPY-4-1770464000441-8",
    "barcode": null,
    "shelf_location": "",
    "status": "AVAILABLE",
    "condition": "NEW",
    "purchase_date": "2026-02-07"
  }
},
{
  "model": "library.bookcopy",
  "pk": 702,
  "fields": {
    "book": 4,
    "copy_number": "CPY-4-1770464000440-1",
    "barcode": null,
    "shelf_location": "",
    "status": "AVAILABLE",
    "condition": "NEW",
    "purchase_date": "2026-02-07"
  }
},
{
  "model": "library.bookcopy",
  "pk": 703,
  "fields": {
    "book": 4,
    "copy_number": "CPY-4-1770464000441-13",
    "barcode": null,
    "shelf_location": "",
    "status": "AVAILABLE",
    "condition": "NEW",
    "purchase_date": "2026-02-07"
  }
},
{
  "model": "library.bookcopy",
  "pk": 704,
  "fields": {
    "book": 4,
    "copy_number": "CPY-4-1770464000441-12",
    "barcode": null,
    "shelf_location": "",
    "status": "AVAILABLE",
    "condition": "NEW",
    "purchase_date": "2026-02-07"
  }
},
{
  "model": "library.bookcopy",
  "pk": 705,
  "fields": {
    "book": 4,
    "copy_number": "CPY-4-1770464000442-16",
    "barcode": null,
    "shelf_location": "",
    "status": "AVAILABLE",
    "condition": "NEW",
    "purchase_date": "2026-02-07"
  }
},
{
  "model": "library.bookcopy",
  "pk": 706,
  "fields": {
    "book": 4,
    "copy_number": "CPY-4-1770464000441-7",
    "barcode": null,
    "shelf_location": "",
    "status": "AVAILABLE",
    "condition": "NEW",
    "purchase_date": "2026-02-07"
  }
},
{
  "model": "library.bookcopy",
  "pk": 707,
  "fields": {
    "book": 4,
    "copy_number": "CPY-4-1770464000441-15",
    "barcode": null,
    "shelf_location": "",
    "status": "AVAILABLE",
    "condition": "NEW",
    "purchase_date": "2026-02-07"
  }
},
{
  "model": "library.bookcopy",
  "pk": 708,
  "fields": {
    "book": 4,
    "copy_number": "CPY-4-1770464000441-14",
    "barcode": null,
    "shelf_location": "",
    "status": "AVAILABLE",
    "condition": "NEW",
    "purchase_date": "2026-02-07"
  }
},
{
  "model": "library.bookcopy",
  "pk": 709,
  "fields": {
    "book": 4,
    "copy_number": "CPY-4-1770464000442-17",
    "barcode": null,
    "shelf_location": "",
    "status": "AVAILABLE",
    "condition": "NEW",
    "purchase_date": "2026-02-07"
  }
},
{
  "model": "library.bookcopy",
  "pk": 710,
  "fields": {
    "book": 4,
    "copy_number": "CPY-4-1770464000442-19",
    "barcode": null,
    "shelf_location": "",
    "status": "AVAILABLE",
    "condition": "NEW",
    "purchase_date": "2026-02-07"
  }
},
{
  "model": "library.bookcopy",
  "pk": 711,
  "fields": {
    "book": 4,
    "copy_number": "CPY-4-1770464000442-18",
    "barcode": null,
    "shelf_location": "",
    "status": "AVAILABLE",
    "condition": "NEW",
    "purchase_date": "2026-02-07"
  }
},
{
  "model": "library.bookcopy",
  "pk": 712,
  "fields": {
    "book": 4,
    "copy_number": "CPY-4-1770464000442-20",
    "barcode": null,
    "shelf_location": "",
    "status": "AVAILABLE",
    "condition": "NEW",
    "purchase_date": "2026-02-07"
  }
},
{
  "model": "library.bookcopy",
  "pk": 713,
  "fields": {
    "book": 4,
    "copy_number": "CPY-4-1770464000442-21",
    "barcode": null,
    "shelf_location": "",
    "status": "AVAILABLE",
    "condition": "NEW",
    "purchase_date": "2026-02-07"
  }
},
{
  "model": "library.bookcopy",
  "pk": 714,
  "fields": {
    "book": 4,
    "copy_number": "CPY-4-1770464000443-24",
    "barcode": null,
    "shelf_location": "",
    "status": "AVAILABLE",
    "condition": "NEW",
    "purchase_date": "2026-02-07"
  }
},
{
  "model": "library.bookcopy",
  "pk": 715,
  "fields": {
    "book": 4,
    "copy_number": "CPY-4-1770464000442-23",
    "barcode": null,
    "shelf_location": "",
    "status": "AVAILABLE",
    "condition": "NEW",
    "purchase_date": "2026-02-07"
  }
},
{
  "model": "library.bookcopy",
  "pk": 716,
  "fields": {
    "book": 4,
    "copy_number": "CPY-4-1770464000443-27",
    "barcode": null,
    "shelf_location": "",
    "status": "AVAILABLE",
    "condition": "NEW",
    "purchase_date": "2026-02-07"
  }
},
{
  "model": "library.bookcopy",
  "pk": 717,
  "fields": {
    "book": 4,
    "copy_number": "CPY-4-1770464000443-25",
    "barcode": null,
    "shelf_location": "",
    "status": "AVAILABLE",
    "condition": "NEW",
    "purchase_date": "2026-02-07"
  }
},
{
  "model": "library.bookcopy",
  "pk": 718,
  "fields": {
    "book": 4,
    "copy_number": "CPY-4-1770464000443-26",
    "barcode": null,
    "shelf_location": "",
    "status": "AVAILABLE",
    "condition": "NEW",
    "purchase_date": "2026-02-07"
  }
},
{
  "model": "library.bookcopy",
  "pk": 719,
  "fields": {
    "book": 4,
    "copy_number": "CPY-4-1770464000443-29",
    "barcode": null,
    "shelf_location": "",
    "status": "AVAILABLE",
    "condition": "NEW",
    "purchase_date": "2026-02-07"
  }
},
{
  "model": "library.bookcopy",
  "pk": 720,
  "fields": {
    "book": 4,
    "copy_number": "CPY-4-1770464000443-30",
    "barcode": null,
    "shelf_location": "",
    "status": "AVAILABLE",
    "condition": "NEW",
    "purchase_date": "2026-02-07"
  }
},
{
  "model": "library.bookcopy",
  "pk": 721,
  "fields": {
    "book": 4,
    "copy_number": "CPY-4-1770464000443-28",
    "barcode": null,
    "shelf_location": "",
    "status": "AVAILABLE",
    "condition": "NEW",
    "purchase_date": "2026-02-07"
  }
},
{
  "model": "library.bookcopy",
  "pk": 722,
  "fields": {
    "book": 4,
    "copy_number": "CPY-4-1770464000443-32",
    "barcode": null,
    "shelf_location": "",
    "status": "AVAILABLE",
    "condition": "NEW",
    "purchase_date": "2026-02-07"
  }
},
{
  "model": "library.bookcopy",
  "pk": 723,
  "fields": {
    "book": 4,
    "copy_number": "CPY-4-1770464000443-33",
    "barcode": null,
    "shelf_location": "",
    "status": "AVAILABLE",
    "condition": "NEW",
    "purchase_date": "2026-02-07"
  }
},
{
  "model": "library.bookcopy",
  "pk": 724,
  "fields": {
    "book": 4,
    "copy_number": "CPY-4-1770464000444-34",
    "barcode": null,
    "shelf_location": "",
    "status": "AVAILABLE",
    "condition": "NEW",
    "purchase_date": "2026-02-07"
  }
},
{
  "model": "library.bookcopy",
  "pk": 725,
  "fields": {
    "book": 4,
    "copy_number": "CPY-4-1770464000444-35",
    "barcode": null,
    "shelf_location": "",
    "status": "AVAILABLE",
    "condition": "NEW",
    "purchase_date": "2026-02-07"
  }
},
{
  "model": "library.bookcopy",
  "pk": 726,
  "fields": {
    "book": 4,
    "copy_number": "CPY-4-1770464000442-22",
    "barcode": null,
    "shelf_location": "",
    "status": "AVAILABLE",
    "condition": "NEW",
    "purchase_date": "2026-02-07"
  }
},
{
  "model": "library.bookcopy",
  "pk": 727,
  "fields": {
    "book": 4,
    "copy_number": "CPY-4-1770464000444-38",
    "barcode": null,
    "shelf_location": "",
    "status": "AVAILABLE",
    "condition": "NEW",
    "purchase_date": "2026-02-07"
  }
},
{
  "model": "library.bookcopy",
  "pk": 728,
  "fields": {
    "book": 4,
    "copy_number": "CPY-4-1770464000444-37",
    "barcode": null,
    "shelf_location": "",
    "status": "AVAILABLE",
    "condition": "NEW",
    "purchase_date": "2026-02-07"
  }
},
{
  "model": "library.bookcopy",
  "pk": 729,
  "fields": {
    "book": 4,
    "copy_number": "CPY-4-1770464000444-39",
    "barcode": null,
    "shelf_location": "",
    "status": "AVAILABLE",
    "condition": "NEW",
    "purchase_date": "2026-02-07"
  }
},
{
  "model": "library.bookcopy",
  "pk": 730,
  "fields": {
    "book": 4,
    "copy_number": "CPY-4-1770464000444-36",
    "barcode": null,
    "shelf_location": "",
    "status": "AVAILABLE",
    "condition": "NEW",
    "purchase_date": "2026-02-07"
  }
},
{
  "model": "library.bookcopy",
  "pk": 731,
  "fields": {
    "book": 4,
    "copy_number": "CPY-4-1770464000444-40",
    "barcode": null,
    "shelf_location": "",
    "status": "AVAILABLE",
    "condition": "NEW",
    "purchase_date": "2026-02-07"
  }
},
{
  "model": "library.bookcopy",
  "pk": 732,
  "fields": {
    "book": 4,
    "copy_number": "CPY-4-1770464000441-9",
    "barcode": null,
    "shelf_location": "",
    "status": "AVAILABLE",
    "condition": "NEW",
    "purchase_date": "2026-02-07"
  }
},
{
  "model": "library.bookcopy",
  "pk": 733,
  "fields": {
    "book": 4,
    "copy_number": "CPY-4-1770464000443-31",
    "barcode": null,
    "shelf_location": "",
    "status": "AVAILABLE",
    "condition": "NEW",
    "purchase_date": "2026-02-07"
  }
},
{
  "model": "library.bookcopy",
  "pk": 734,
  "fields": {
    "book": 5,
    "copy_number": "CPY-5-1770464236899-1",
    "barcode": null,
    "shelf_location": "",
    "status": "AVAILABLE",
    "condition": "NEW",
    "purchase_date": "2026-02-07"
  }
},
{
  "model": "library.bookcopy",
  "pk": 735,
  "fields": {
    "book": 5,
    "copy_number": "CPY-5-1770464236901-2",
    "barcode": null,
    "shelf_location": "",
    "status": "AVAILABLE",
    "condition": "NEW",
    "purchase_date": "2026-02-07"
  }
},
{
  "model": "library.bookcopy",
  "pk": 736,
  "fields": {
    "book": 5,
    "copy_number": "CPY-5-1770464236904-7",
    "barcode": null,
    "shelf_location": "",
    "status": "AVAILABLE",
    "condition": "NEW",
    "purchase_date": "2026-02-07"
  }
},
{
  "model": "library.bookcopy",
  "pk": 737,
  "fields": {
    "book": 5,
    "copy_number": "CPY-5-1770464236904-9",
    "barcode": null,
    "shelf_location": "",
    "status": "AVAILABLE",
    "condition": "NEW",
    "purchase_date": "2026-02-07"
  }
},
{
  "model": "library.bookcopy",
  "pk": 738,
  "fields": {
    "book": 5,
    "copy_number": "CPY-5-1770464236904-10",
    "barcode": null,
    "shelf_location": "",
    "status": "AVAILABLE",
    "condition": "NEW",
    "purchase_date": "2026-02-07"
  }
},
{
  "model": "library.bookcopy",
  "pk": 739,
  "fields": {
    "book": 5,
    "copy_number": "CPY-5-1770464236902-4",
    "barcode": null,
    "shelf_location": "",
    "status": "AVAILABLE",
    "condition": "NEW",
    "purchase_date": "2026-02-07"
  }
},
{
  "model": "library.bookcopy",
  "pk": 740,
  "fields": {
    "book": 5,
    "copy_number": "CPY-5-1770464236906-11",
    "barcode": null,
    "shelf_location": "",
    "status": "AVAILABLE",
    "condition": "NEW",
    "purchase_date": "2026-02-07"
  }
},
{
  "model": "library.bookcopy",
  "pk": 741,
  "fields": {
    "book": 5,
    "copy_number": "CPY-5-1770464236903-5",
    "barcode": null,
    "shelf_location": "",
    "status": "AVAILABLE",
    "condition": "NEW",
    "purchase_date": "2026-02-07"
  }
},
{
  "model": "library.bookcopy",
  "pk": 742,
  "fields": {
    "book": 5,
    "copy_number": "CPY-5-1770464236908-14",
    "barcode": null,
    "shelf_location": "",
    "status": "AVAILABLE",
    "condition": "NEW",
    "purchase_date": "2026-02-07"
  }
},
{
  "model": "library.bookcopy",
  "pk": 743,
  "fields": {
    "book": 5,
    "copy_number": "CPY-5-1770464236902-3",
    "barcode": null,
    "shelf_location": "",
    "status": "AVAILABLE",
    "condition": "NEW",
    "purchase_date": "2026-02-07"
  }
},
{
  "model": "library.bookcopy",
  "pk": 744,
  "fields": {
    "book": 5,
    "copy_number": "CPY-5-1770464236908-16",
    "barcode": null,
    "shelf_location": "",
    "status": "AVAILABLE",
    "condition": "NEW",
    "purchase_date": "2026-02-07"
  }
},
{
  "model": "library.bookcopy",
  "pk": 745,
  "fields": {
    "book": 5,
    "copy_number": "CPY-5-1770464236907-13",
    "barcode": null,
    "shelf_location": "",
    "status": "AVAILABLE",
    "condition": "NEW",
    "purchase_date": "2026-02-07"
  }
},
{
  "model": "library.bookcopy",
  "pk": 746,
  "fields": {
    "book": 5,
    "copy_number": "CPY-5-1770464236907-12",
    "barcode": null,
    "shelf_location": "",
    "status": "AVAILABLE",
    "condition": "NEW",
    "purchase_date": "2026-02-07"
  }
},
{
  "model": "library.bookcopy",
  "pk": 747,
  "fields": {
    "book": 5,
    "copy_number": "CPY-5-1770464236908-15",
    "barcode": null,
    "shelf_location": "",
    "status": "AVAILABLE",
    "condition": "NEW",
    "purchase_date": "2026-02-07"
  }
},
{
  "model": "library.bookcopy",
  "pk": 748,
  "fields": {
    "book": 5,
    "copy_number": "CPY-5-1770464236908-17",
    "barcode": null,
    "shelf_location": "",
    "status": "AVAILABLE",
    "condition": "NEW",
    "purchase_date": "2026-02-07"
  }
},
{
  "model": "library.bookcopy",
  "pk": 749,
  "fields": {
    "book": 5,
    "copy_number": "CPY-5-1770464236908-20",
    "barcode": null,
    "shelf_location": "",
    "status": "AVAILABLE",
    "condition": "NEW",
    "purchase_date": "2026-02-07"
  }
},
{
  "model": "library.bookcopy",
  "pk": 750,
  "fields": {
    "book": 5,
    "copy_number": "CPY-5-1770464236908-22",
    "barcode": null,
    "shelf_location": "",
    "status": "AVAILABLE",
    "condition": "NEW",
    "purchase_date": "2026-02-07"
  }
},
{
  "model": "library.bookcopy",
  "pk": 751,
  "fields": {
    "book": 5,
    "copy_number": "CPY-5-1770464236908-19",
    "barcode": null,
    "shelf_location": "",
    "status": "AVAILABLE",
    "condition": "NEW",
    "purchase_date": "2026-02-07"
  }
},
{
  "model": "library.bookcopy",
  "pk": 752,
  "fields": {
    "book": 5,
    "copy_number": "CPY-5-1770464236908-24",
    "barcode": null,
    "shelf_location": "",
    "status": "AVAILABLE",
    "condition": "NEW",
    "purchase_date": "2026-02-07"
  }
},
{
  "model": "library.bookcopy",
  "pk": 753,
  "fields": {
    "book": 5,
    "copy_number": "CPY-5-1770464236908-23",
    "barcode": null,
    "shelf_location": "",
    "status": "AVAILABLE",
    "condition": "NEW",
    "purchase_date": "2026-02-07"
  }
},
{
  "model": "library.bookcopy",
  "pk": 754,
  "fields": {
    "book": 5,
    "copy_number": "CPY-5-1770464236908-25",
    "barcode": null,
    "shelf_location": "",
    "status": "AVAILABLE",
    "condition": "NEW",
    "purchase_date": "2026-02-07"
  }
},
{
  "model": "library.bookcopy",
  "pk": 755,
  "fields": {
    "book": 5,
    "copy_number": "CPY-5-1770464236908-21",
    "barcode": null,
    "shelf_location": "",
    "status": "AVAILABLE",
    "condition": "NEW",
    "purchase_date": "2026-02-07"
  }
},
{
  "model": "library.bookcopy",
  "pk": 756,
  "fields": {
    "book": 5,
    "copy_number": "CPY-5-1770464236908-18",
    "barcode": null,
    "shelf_location": "",
    "status": "AVAILABLE",
    "condition": "NEW",
    "purchase_date": "2026-02-07"
  }
},
{
  "model": "library.bookcopy",
  "pk": 757,
  "fields": {
    "book": 5,
    "copy_number": "CPY-5-1770464236908-26",
    "barcode": null,
    "shelf_location": "",
    "status": "AVAILABLE",
    "condition": "NEW",
    "purchase_date": "2026-02-07"
  }
},
{
  "model": "library.bookcopy",
  "pk": 758,
  "fields": {
    "book": 5,
    "copy_number": "CPY-5-1770464236908-28",
    "barcode": null,
    "shelf_location": "",
    "status": "AVAILABLE",
    "condition": "NEW",
    "purchase_date": "2026-02-07"
  }
},
{
  "model": "library.bookcopy",
  "pk": 759,
  "fields": {
    "book": 5,
    "copy_number": "CPY-5-1770464236908-31",
    "barcode": null,
    "shelf_location": "",
    "status": "AVAILABLE",
    "condition": "NEW",
    "purchase_date": "2026-02-07"
  }
},
{
  "model": "library.bookcopy",
  "pk": 760,
  "fields": {
    "book": 5,
    "copy_number": "CPY-5-1770464236908-29",
    "barcode": null,
    "shelf_location": "",
    "status": "AVAILABLE",
    "condition": "NEW",
    "purchase_date": "2026-02-07"
  }
},
{
  "model": "library.bookcopy",
  "pk": 761,
  "fields": {
    "book": 5,
    "copy_number": "CPY-5-1770464236908-27",
    "barcode": null,
    "shelf_location": "",
    "status": "AVAILABLE",
    "condition": "NEW",
    "purchase_date": "2026-02-07"
  }
},
{
  "model": "library.bookcopy",
  "pk": 762,
  "fields": {
    "book": 5,
    "copy_number": "CPY-5-1770464236908-30",
    "barcode": null,
    "shelf_location": "",
    "status": "AVAILABLE",
    "condition": "NEW",
    "purchase_date": "2026-02-07"
  }
},
{
  "model": "library.bookcopy",
  "pk": 763,
  "fields": {
    "book": 5,
    "copy_number": "CPY-5-1770464236908-32",
    "barcode": null,
    "shelf_location": "",
    "status": "AVAILABLE",
    "condition": "NEW",
    "purchase_date": "2026-02-07"
  }
},
{
  "model": "library.bookcopy",
  "pk": 764,
  "fields": {
    "book": 5,
    "copy_number": "CPY-5-1770464236904-8",
    "barcode": null,
    "shelf_location": "",
    "status": "AVAILABLE",
    "condition": "NEW",
    "purchase_date": "2026-02-07"
  }
},
{
  "model": "library.bookcopy",
  "pk": 765,
  "fields": {
    "book": 5,
    "copy_number": "CPY-5-1770464236908-34",
    "barcode": null,
    "shelf_location": "",
    "status": "AVAILABLE",
    "condition": "NEW",
    "purchase_date": "2026-02-07"
  }
},
{
  "model": "library.bookcopy",
  "pk": 766,
  "fields": {
    "book": 5,
    "copy_number": "CPY-5-1770464236908-33",
    "barcode": null,
    "shelf_location": "",
    "status": "AVAILABLE",
    "condition": "NEW",
    "purchase_date": "2026-02-07"
  }
},
{
  "model": "library.bookcopy",
  "pk": 767,
  "fields": {
    "book": 5,
    "copy_number": "CPY-5-1770464236909-36",
    "barcode": null,
    "shelf_location": "",
    "status": "AVAILABLE",
    "condition": "NEW",
    "purchase_date": "2026-02-07"
  }
},
{
  "model": "library.bookcopy",
  "pk": 768,
  "fields": {
    "book": 5,
    "copy_number": "CPY-5-1770464236909-37",
    "barcode": null,
    "shelf_location": "",
    "status": "AVAILABLE",
    "condition": "NEW",
    "purchase_date": "2026-02-07"
  }
},
{
  "model": "library.bookcopy",
  "pk": 769,
  "fields": {
    "book": 5,
    "copy_number": "CPY-5-1770464236909-38",
    "barcode": null,
    "shelf_location": "",
    "status": "AVAILABLE",
    "condition": "NEW",
    "purchase_date": "2026-02-07"
  }
},
{
  "model": "library.bookcopy",
  "pk": 770,
  "fields": {
    "book": 5,
    "copy_number": "CPY-5-1770464236909-39",
    "barcode": null,
    "shelf_location": "",
    "status": "AVAILABLE",
    "condition": "NEW",
    "purchase_date": "2026-02-07"
  }
},
{
  "model": "library.bookcopy",
  "pk": 771,
  "fields": {
    "book": 5,
    "copy_number": "CPY-5-1770464236909-40",
    "barcode": null,
    "shelf_location": "",
    "status": "AVAILABLE",
    "condition": "NEW",
    "purchase_date": "2026-02-07"
  }
},
{
  "model": "library.bookcopy",
  "pk": 772,
  "fields": {
    "book": 5,
    "copy_number": "CPY-5-1770464236908-35",
    "barcode": null,
    "shelf_location": "",
    "status": "AVAILABLE",
    "condition": "NEW",
    "purchase_date": "2026-02-07"
  }
},
{
  "model": "library.bookcopy",
  "pk": 773,
  "fields": {
    "book": 5,
    "copy_number": "CPY-5-1770464236903-6",
    "barcode": null,
    "shelf_location": "",
    "status": "AVAILABLE",
    "condition": "NEW",
    "purchase_date": "2026-02-07"
  }
},
{
  "model": "library.bookcopy",
  "pk": 774,
  "fields": {
    "book": 6,
    "copy_number": "CPY-6-1770491119266-1",
    "barcode": null,
    "shelf_location": "",
    "status": "AVAILABLE",
    "condition": "NEW",
    "purchase_date": "2026-02-07"
  }
},
{
  "model": "library.bookcopy",
  "pk": 775,
  "fields": {
    "book": 6,
    "copy_number": "CPY-6-1770491119267-4",
    "barcode": null,
    "shelf_location": "",
    "status": "AVAILABLE",
    "condition": "NEW",
    "purchase_date": "2026-02-07"
  }
},
{
  "model": "library.bookcopy",
  "pk": 776,
  "fields": {
    "book": 6,
    "copy_number": "CPY-6-1770491119267-2",
    "barcode": null,
    "shelf_location": "",
    "status": "AVAILABLE",
    "condition": "NEW",
    "purchase_date": "2026-02-07"
  }
},
{
  "model": "library.bookcopy",
  "pk": 777,
  "fields": {
    "book": 6,
    "copy_number": "CPY-6-1770491119267-3",
    "barcode": null,
    "shelf_location": "",
    "status": "AVAILABLE",
    "condition": "NEW",
    "purchase_date": "2026-02-07"
  }
},
{
  "model": "library.bookcopy",
  "pk": 778,
  "fields": {
    "book": 6,
    "copy_number": "CPY-6-1770491119268-6",
    "barcode": null,
    "shelf_location": "",
    "status": "AVAILABLE",
    "condition": "NEW",
    "purchase_date": "2026-02-07"
  }
},
{
  "model": "library.bookcopy",
  "pk": 779,
  "fields": {
    "book": 6,
    "copy_number": "CPY-6-1770491119268-7",
    "barcode": null,
    "shelf_location": "",
    "status": "AVAILABLE",
    "condition": "NEW",
    "purchase_date": "2026-02-07"
  }
},
{
  "model": "library.bookcopy",
  "pk": 780,
  "fields": {
    "book": 6,
    "copy_number": "CPY-6-1770491119268-9",
    "barcode": null,
    "shelf_location": "",
    "status": "AVAILABLE",
    "condition": "NEW",
    "purchase_date": "2026-02-07"
  }
},
{
  "model": "library.bookcopy",
  "pk": 781,
  "fields": {
    "book": 6,
    "copy_number": "CPY-6-1770491119267-5",
    "barcode": null,
    "shelf_location": "",
    "status": "AVAILABLE",
    "condition": "NEW",
    "purchase_date": "2026-02-07"
  }
},
{
  "model": "library.bookcopy",
  "pk": 782,
  "fields": {
    "book": 6,
    "copy_number": "CPY-6-1770491119270-11",
    "barcode": null,
    "shelf_location": "",
    "status": "AVAILABLE",
    "condition": "NEW",
    "purchase_date": "2026-02-07"
  }
},
{
  "model": "library.bookcopy",
  "pk": 783,
  "fields": {
    "book": 6,
    "copy_number": "CPY-6-1770491119270-12",
    "barcode": null,
    "shelf_location": "",
    "status": "AVAILABLE",
    "condition": "NEW",
    "purchase_date": "2026-02-07"
  }
},
{
  "model": "library.bookcopy",
  "pk": 784,
  "fields": {
    "book": 6,
    "copy_number": "CPY-6-1770491119270-14",
    "barcode": null,
    "shelf_location": "",
    "status": "AVAILABLE",
    "condition": "NEW",
    "purchase_date": "2026-02-07"
  }
},
{
  "model": "library.bookcopy",
  "pk": 785,
  "fields": {
    "book": 6,
    "copy_number": "CPY-6-1770491119270-13",
    "barcode": null,
    "shelf_location": "",
    "status": "AVAILABLE",
    "condition": "NEW",
    "purchase_date": "2026-02-07"
  }
},
{
  "model": "library.bookcopy",
  "pk": 786,
  "fields": {
    "book": 6,
    "copy_number": "CPY-6-1770491119270-15",
    "barcode": null,
    "shelf_location": "",
    "status": "AVAILABLE",
    "condition": "NEW",
    "purchase_date": "2026-02-07"
  }
},
{
  "model": "library.bookcopy",
  "pk": 787,
  "fields": {
    "book": 6,
    "copy_number": "CPY-6-1770491119268-8",
    "barcode": null,
    "shelf_location": "",
    "status": "AVAILABLE",
    "condition": "NEW",
    "purchase_date": "2026-02-07"
  }
},
{
  "model": "library.bookcopy",
  "pk": 788,
  "fields": {
    "book": 6,
    "copy_number": "CPY-6-1770491119270-18",
    "barcode": null,
    "shelf_location": "",
    "status": "AVAILABLE",
    "condition": "NEW",
    "purchase_date": "2026-02-07"
  }
},
{
  "model": "library.bookcopy",
  "pk": 789,
  "fields": {
    "book": 6,
    "copy_number": "CPY-6-1770491119270-17",
    "barcode": null,
    "shelf_location": "",
    "status": "AVAILABLE",
    "condition": "NEW",
    "purchase_date": "2026-02-07"
  }
},
{
  "model": "library.bookcopy",
  "pk": 790,
  "fields": {
    "book": 6,
    "copy_number": "CPY-6-1770491119270-19",
    "barcode": null,
    "shelf_location": "",
    "status": "AVAILABLE",
    "condition": "NEW",
    "purchase_date": "2026-02-07"
  }
},
{
  "model": "library.bookcopy",
  "pk": 791,
  "fields": {
    "book": 6,
    "copy_number": "CPY-6-1770491119270-20",
    "barcode": null,
    "shelf_location": "",
    "status": "AVAILABLE",
    "condition": "NEW",
    "purchase_date": "2026-02-07"
  }
},
{
  "model": "library.bookcopy",
  "pk": 792,
  "fields": {
    "book": 6,
    "copy_number": "CPY-6-1770491119270-21",
    "barcode": null,
    "shelf_location": "",
    "status": "AVAILABLE",
    "condition": "NEW",
    "purchase_date": "2026-02-07"
  }
},
{
  "model": "library.bookcopy",
  "pk": 793,
  "fields": {
    "book": 6,
    "copy_number": "CPY-6-1770491119270-23",
    "barcode": null,
    "shelf_location": "",
    "status": "AVAILABLE",
    "condition": "NEW",
    "purchase_date": "2026-02-07"
  }
},
{
  "model": "library.bookcopy",
  "pk": 794,
  "fields": {
    "book": 6,
    "copy_number": "CPY-6-1770491119270-22",
    "barcode": null,
    "shelf_location": "",
    "status": "AVAILABLE",
    "condition": "NEW",
    "purchase_date": "2026-02-07"
  }
},
{
  "model": "library.bookcopy",
  "pk": 795,
  "fields": {
    "book": 6,
    "copy_number": "CPY-6-1770491119271-25",
    "barcode": null,
    "shelf_location": "",
    "status": "AVAILABLE",
    "condition": "NEW",
    "purchase_date": "2026-02-07"
  }
},
{
  "model": "library.bookcopy",
  "pk": 796,
  "fields": {
    "book": 6,
    "copy_number": "CPY-6-1770491119271-24",
    "barcode": null,
    "shelf_location": "",
    "status": "AVAILABLE",
    "condition": "NEW",
    "purchase_date": "2026-02-07"
  }
},
{
  "model": "library.bookcopy",
  "pk": 797,
  "fields": {
    "book": 6,
    "copy_number": "CPY-6-1770491119271-27",
    "barcode": null,
    "shelf_location": "",
    "status": "AVAILABLE",
    "condition": "NEW",
    "purchase_date": "2026-02-07"
  }
},
{
  "model": "library.bookcopy",
  "pk": 798,
  "fields": {
    "book": 6,
    "copy_number": "CPY-6-1770491119271-28",
    "barcode": null,
    "shelf_location": "",
    "status": "AVAILABLE",
    "condition": "NEW",
    "purchase_date": "2026-02-07"
  }
},
{
  "model": "library.bookcopy",
  "pk": 799,
  "fields": {
    "book": 6,
    "copy_number": "CPY-6-1770491119271-26",
    "barcode": null,
    "shelf_location": "",
    "status": "AVAILABLE",
    "condition": "NEW",
    "purchase_date": "2026-02-07"
  }
},
{
  "model": "library.bookcopy",
  "pk": 800,
  "fields": {
    "book": 6,
    "copy_number": "CPY-6-1770491119271-31",
    "barcode": null,
    "shelf_location": "",
    "status": "AVAILABLE",
    "condition": "NEW",
    "purchase_date": "2026-02-07"
  }
},
{
  "model": "library.bookcopy",
  "pk": 801,
  "fields": {
    "book": 6,
    "copy_number": "CPY-6-1770491119271-30",
    "barcode": null,
    "shelf_location": "",
    "status": "AVAILABLE",
    "condition": "NEW",
    "purchase_date": "2026-02-07"
  }
},
{
  "model": "library.bookcopy",
  "pk": 802,
  "fields": {
    "book": 6,
    "copy_number": "CPY-6-1770491119271-29",
    "barcode": null,
    "shelf_location": "",
    "status": "AVAILABLE",
    "condition": "NEW",
    "purchase_date": "2026-02-07"
  }
},
{
  "model": "library.bookcopy",
  "pk": 803,
  "fields": {
    "book": 6,
    "copy_number": "CPY-6-1770491119271-32",
    "barcode": null,
    "shelf_location": "",
    "status": "AVAILABLE",
    "condition": "NEW",
    "purchase_date": "2026-02-07"
  }
},
{
  "model": "library.bookcopy",
  "pk": 804,
  "fields": {
    "book": 6,
    "copy_number": "CPY-6-1770491119271-33",
    "barcode": null,
    "shelf_location": "",
    "status": "AVAILABLE",
    "condition": "NEW",
    "purchase_date": "2026-02-07"
  }
},
{
  "model": "library.bookcopy",
  "pk": 805,
  "fields": {
    "book": 6,
    "copy_number": "CPY-6-1770491119272-35",
    "barcode": null,
    "shelf_location": "",
    "status": "AVAILABLE",
    "condition": "NEW",
    "purchase_date": "2026-02-07"
  }
},
{
  "model": "library.bookcopy",
  "pk": 806,
  "fields": {
    "book": 6,
    "copy_number": "CPY-6-1770491119272-34",
    "barcode": null,
    "shelf_location": "",
    "status": "AVAILABLE",
    "condition": "NEW",
    "purchase_date": "2026-02-07"
  }
},
{
  "model": "library.bookcopy",
  "pk": 807,
  "fields": {
    "book": 6,
    "copy_number": "CPY-6-1770491119272-37",
    "barcode": null,
    "shelf_location": "",
    "status": "AVAILABLE",
    "condition": "NEW",
    "purchase_date": "2026-02-07"
  }
},
{
  "model": "library.bookcopy",
  "pk": 808,
  "fields": {
    "book": 6,
    "copy_number": "CPY-6-1770491119273-38",
    "barcode": null,
    "shelf_location": "",
    "status": "AVAILABLE",
    "condition": "NEW",
    "purchase_date": "2026-02-07"
  }
},
{
  "model": "library.bookcopy",
  "pk": 809,
  "fields": {
    "book": 6,
    "copy_number": "CPY-6-1770491119273-39",
    "barcode": null,
    "shelf_location": "",
    "status": "AVAILABLE",
    "condition": "NEW",
    "purchase_date": "2026-02-07"
  }
},
{
  "model": "library.bookcopy",
  "pk": 810,
  "fields": {
    "book": 6,
    "copy_number": "CPY-6-1770491119273-40",
    "barcode": null,
    "shelf_location": "",
    "status": "AVAILABLE",
    "condition": "NEW",
    "purchase_date": "2026-02-07"
  }
},
{
  "model": "library.bookcopy",
  "pk": 811,
  "fields": {
    "book": 6,
    "copy_number": "CPY-6-1770491119272-36",
    "barcode": null,
    "shelf_location": "",
    "status": "AVAILABLE",
    "condition": "NEW",
    "purchase_date": "2026-02-07"
  }
},
{
  "model": "library.bookcopy",
  "pk": 812,
  "fields": {
    "book": 6,
    "copy_number": "CPY-6-1770491119268-10",
    "barcode": null,
    "shelf_location": "",
    "status": "AVAILABLE",
    "condition": "NEW",
    "purchase_date": "2026-02-07"
  }
},
{
  "model": "library.bookcopy",
  "pk": 813,
  "fields": {
    "book": 6,
    "copy_number": "CPY-6-1770491119270-16",
    "barcode": null,
    "shelf_location": "",
    "status": "AVAILABLE",
    "condition": "NEW",
    "purchase_date": "2026-02-07"
  }
},
{
  "model": "library.bookcopy",
  "pk": 814,
  "fields": {
    "book": 7,
    "copy_number": "CPY-7-1770550039985-2",
    "barcode": null,
    "shelf_location": "",
    "status": "AVAILABLE",
    "condition": "NEW",
    "purchase_date": "2026-02-08"
  }
},
{
  "model": "library.bookcopy",
  "pk": 815,
  "fields": {
    "book": 7,
    "copy_number": "CPY-7-1770550039984-1",
    "barcode": null,
    "shelf_location": "",
    "status": "ISSUED",
    "condition": "NEW",
    "purchase_date": "2026-02-08"
  }
},
{
  "model": "library.bookcopy",
  "pk": 816,
  "fields": {
    "book": 7,
    "copy_number": "CPY-7-1770550039985-3",
    "barcode": null,
    "shelf_location": "",
    "status": "AVAILABLE",
    "condition": "NEW",
    "purchase_date": "2026-02-08"
  }
},
{
  "model": "library.bookcopy",
  "pk": 817,
  "fields": {
    "book": 7,
    "copy_number": "CPY-7-1770550039986-9",
    "barcode": null,
    "shelf_location": "",
    "status": "AVAILABLE",
    "condition": "NEW",
    "purchase_date": "2026-02-08"
  }
},
{
  "model": "library.bookcopy",
  "pk": 818,
  "fields": {
    "book": 7,
    "copy_number": "CPY-7-1770550039986-5",
    "barcode": null,
    "shelf_location": "",
    "status": "AVAILABLE",
    "condition": "NEW",
    "purchase_date": "2026-02-08"
  }
},
{
  "model": "library.bookcopy",
  "pk": 819,
  "fields": {
    "book": 7,
    "copy_number": "CPY-7-1770550039986-8",
    "barcode": null,
    "shelf_location": "",
    "status": "AVAILABLE",
    "condition": "NEW",
    "purchase_date": "2026-02-08"
  }
},
{
  "model": "library.bookcopy",
  "pk": 820,
  "fields": {
    "book": 7,
    "copy_number": "CPY-7-1770550039985-4",
    "barcode": null,
    "shelf_location": "",
    "status": "AVAILABLE",
    "condition": "NEW",
    "purchase_date": "2026-02-08"
  }
},
{
  "model": "library.bookcopy",
  "pk": 821,
  "fields": {
    "book": 7,
    "copy_number": "CPY-7-1770550039987-13",
    "barcode": null,
    "shelf_location": "",
    "status": "AVAILABLE",
    "condition": "NEW",
    "purchase_date": "2026-02-08"
  }
},
{
  "model": "library.bookcopy",
  "pk": 822,
  "fields": {
    "book": 7,
    "copy_number": "CPY-7-1770550039987-11",
    "barcode": null,
    "shelf_location": "",
    "status": "AVAILABLE",
    "condition": "NEW",
    "purchase_date": "2026-02-08"
  }
},
{
  "model": "library.bookcopy",
  "pk": 823,
  "fields": {
    "book": 7,
    "copy_number": "CPY-7-1770550039987-12",
    "barcode": null,
    "shelf_location": "",
    "status": "AVAILABLE",
    "condition": "NEW",
    "purchase_date": "2026-02-08"
  }
},
{
  "model": "library.bookcopy",
  "pk": 824,
  "fields": {
    "book": 7,
    "copy_number": "CPY-7-1770550039987-14",
    "barcode": null,
    "shelf_location": "",
    "status": "AVAILABLE",
    "condition": "NEW",
    "purchase_date": "2026-02-08"
  }
},
{
  "model": "library.bookcopy",
  "pk": 825,
  "fields": {
    "book": 7,
    "copy_number": "CPY-7-1770550039988-15",
    "barcode": null,
    "shelf_location": "",
    "status": "AVAILABLE",
    "condition": "NEW",
    "purchase_date": "2026-02-08"
  }
},
{
  "model": "library.bookcopy",
  "pk": 826,
  "fields": {
    "book": 7,
    "copy_number": "CPY-7-1770550039988-16",
    "barcode": null,
    "shelf_location": "",
    "status": "AVAILABLE",
    "condition": "NEW",
    "purchase_date": "2026-02-08"
  }
},
{
  "model": "library.bookcopy",
  "pk": 827,
  "fields": {
    "book": 7,
    "copy_number": "CPY-7-1770550039989-18",
    "barcode": null,
    "shelf_location": "",
    "status": "AVAILABLE",
    "condition": "NEW",
    "purchase_date": "2026-02-08"
  }
},
{
  "model": "library.bookcopy",
  "pk": 828,
  "fields": {
    "book": 7,
    "copy_number": "CPY-7-1770550039989-20",
    "barcode": null,
    "shelf_location": "",
    "status": "AVAILABLE",
    "condition": "NEW",
    "purchase_date": "2026-02-08"
  }
},
{
  "model": "library.bookcopy",
  "pk": 829,
  "fields": {
    "book": 7,
    "copy_number": "CPY-7-1770550039989-17",
    "barcode": null,
    "shelf_location": "",
    "status": "AVAILABLE",
    "condition": "NEW",
    "purchase_date": "2026-02-08"
  }
},
{
  "model": "library.bookcopy",
  "pk": 830,
  "fields": {
    "book": 7,
    "copy_number": "CPY-7-1770550039989-21",
    "barcode": null,
    "shelf_location": "",
    "status": "AVAILABLE",
    "condition": "NEW",
    "purchase_date": "2026-02-08"
  }
},
{
  "model": "library.bookcopy",
  "pk": 831,
  "fields": {
    "book": 7,
    "copy_number": "CPY-7-1770550039989-19",
    "barcode": null,
    "shelf_location": "",
    "status": "AVAILABLE",
    "condition": "NEW",
    "purchase_date": "2026-02-08"
  }
},
{
  "model": "library.bookcopy",
  "pk": 832,
  "fields": {
    "book": 7,
    "copy_number": "CPY-7-1770550039989-22",
    "barcode": null,
    "shelf_location": "",
    "status": "AVAILABLE",
    "condition": "NEW",
    "purchase_date": "2026-02-08"
  }
},
{
  "model": "library.bookcopy",
  "pk": 833,
  "fields": {
    "book": 7,
    "copy_number": "CPY-7-1770550039986-6",
    "barcode": null,
    "shelf_location": "",
    "status": "AVAILABLE",
    "condition": "NEW",
    "purchase_date": "2026-02-08"
  }
},
{
  "model": "library.bookcopy",
  "pk": 834,
  "fields": {
    "book": 7,
    "copy_number": "CPY-7-1770550039990-25",
    "barcode": null,
    "shelf_location": "",
    "status": "AVAILABLE",
    "condition": "NEW",
    "purchase_date": "2026-02-08"
  }
},
{
  "model": "library.bookcopy",
  "pk": 835,
  "fields": {
    "book": 7,
    "copy_number": "CPY-7-1770550039989-24",
    "barcode": null,
    "shelf_location": "",
    "status": "AVAILABLE",
    "condition": "NEW",
    "purchase_date": "2026-02-08"
  }
},
{
  "model": "library.bookcopy",
  "pk": 836,
  "fields": {
    "book": 7,
    "copy_number": "CPY-7-1770550039990-26",
    "barcode": null,
    "shelf_location": "",
    "status": "AVAILABLE",
    "condition": "NEW",
    "purchase_date": "2026-02-08"
  }
},
{
  "model": "library.bookcopy",
  "pk": 837,
  "fields": {
    "book": 7,
    "copy_number": "CPY-7-1770550039990-27",
    "barcode": null,
    "shelf_location": "",
    "status": "AVAILABLE",
    "condition": "NEW",
    "purchase_date": "2026-02-08"
  }
},
{
  "model": "library.bookcopy",
  "pk": 838,
  "fields": {
    "book": 7,
    "copy_number": "CPY-7-1770550039990-29",
    "barcode": null,
    "shelf_location": "",
    "status": "AVAILABLE",
    "condition": "NEW",
    "purchase_date": "2026-02-08"
  }
},
{
  "model": "library.bookcopy",
  "pk": 839,
  "fields": {
    "book": 7,
    "copy_number": "CPY-7-1770550039990-30",
    "barcode": null,
    "shelf_location": "",
    "status": "AVAILABLE",
    "condition": "NEW",
    "purchase_date": "2026-02-08"
  }
},
{
  "model": "library.bookcopy",
  "pk": 840,
  "fields": {
    "book": 7,
    "copy_number": "CPY-7-1770550039990-28",
    "barcode": null,
    "shelf_location": "",
    "status": "AVAILABLE",
    "condition": "NEW",
    "purchase_date": "2026-02-08"
  }
},
{
  "model": "library.bookcopy",
  "pk": 841,
  "fields": {
    "book": 7,
    "copy_number": "CPY-7-1770550039991-31",
    "barcode": null,
    "shelf_location": "",
    "status": "AVAILABLE",
    "condition": "NEW",
    "purchase_date": "2026-02-08"
  }
},
{
  "model": "library.bookcopy",
  "pk": 842,
  "fields": {
    "book": 7,
    "copy_number": "CPY-7-1770550039989-23",
    "barcode": null,
    "shelf_location": "",
    "status": "AVAILABLE",
    "condition": "NEW",
    "purchase_date": "2026-02-08"
  }
},
{
  "model": "library.bookcopy",
  "pk": 843,
  "fields": {
    "book": 7,
    "copy_number": "CPY-7-1770550039991-33",
    "barcode": null,
    "shelf_location": "",
    "status": "AVAILABLE",
    "condition": "NEW",
    "purchase_date": "2026-02-08"
  }
},
{
  "model": "library.bookcopy",
  "pk": 844,
  "fields": {
    "book": 7,
    "copy_number": "CPY-7-1770550039991-34",
    "barcode": null,
    "shelf_location": "",
    "status": "AVAILABLE",
    "condition": "NEW",
    "purchase_date": "2026-02-08"
  }
},
{
  "model": "library.bookcopy",
  "pk": 845,
  "fields": {
    "book": 7,
    "copy_number": "CPY-7-1770550039991-32",
    "barcode": null,
    "shelf_location": "",
    "status": "AVAILABLE",
    "condition": "NEW",
    "purchase_date": "2026-02-08"
  }
},
{
  "model": "library.bookcopy",
  "pk": 846,
  "fields": {
    "book": 7,
    "copy_number": "CPY-7-1770550039991-36",
    "barcode": null,
    "shelf_location": "",
    "status": "AVAILABLE",
    "condition": "NEW",
    "purchase_date": "2026-02-08"
  }
},
{
  "model": "library.bookcopy",
  "pk": 847,
  "fields": {
    "book": 7,
    "copy_number": "CPY-7-1770550039991-38",
    "barcode": null,
    "shelf_location": "",
    "status": "AVAILABLE",
    "condition": "NEW",
    "purchase_date": "2026-02-08"
  }
},
{
  "model": "library.bookcopy",
  "pk": 848,
  "fields": {
    "book": 7,
    "copy_number": "CPY-7-1770550039991-37",
    "barcode": null,
    "shelf_location": "",
    "status": "AVAILABLE",
    "condition": "NEW",
    "purchase_date": "2026-02-08"
  }
},
{
  "model": "library.bookcopy",
  "pk": 849,
  "fields": {
    "book": 7,
    "copy_number": "CPY-7-1770550039991-39",
    "barcode": null,
    "shelf_location": "",
    "status": "AVAILABLE",
    "condition": "NEW",
    "purchase_date": "2026-02-08"
  }
},
{
  "model": "library.bookcopy",
  "pk": 850,
  "fields": {
    "book": 7,
    "copy_number": "CPY-7-1770550039991-40",
    "barcode": null,
    "shelf_location": "",
    "status": "AVAILABLE",
    "condition": "NEW",
    "purchase_date": "2026-02-08"
  }
},
{
  "model": "library.bookcopy",
  "pk": 851,
  "fields": {
    "book": 7,
    "copy_number": "CPY-7-1770550039991-35",
    "barcode": null,
    "shelf_location": "",
    "status": "AVAILABLE",
    "condition": "NEW",
    "purchase_date": "2026-02-08"
  }
},
{
  "model": "library.bookcopy",
  "pk": 852,
  "fields": {
    "book": 7,
    "copy_number": "CPY-7-1770550039986-10",
    "barcode": null,
    "shelf_location": "",
    "status": "AVAILABLE",
    "condition": "NEW",
    "purchase_date": "2026-02-08"
  }
},
{
  "model": "library.bookcopy",
  "pk": 853,
  "fields": {
    "book": 7,
    "copy_number": "CPY-7-1770550039986-7",
    "barcode": null,
    "shelf_location": "",
    "status": "AVAILABLE",
    "condition": "NEW",
    "purchase_date": "2026-02-08"
  }
},
{
  "model": "library.booklending",
  "pk": 1,
  "fields": {
    "copy": 815,
    "user": 41,
    "date_issued": "2026-02-08",
    "due_date": "2026-02-08",
    "date_returned": null,
    "renewal_count": 0
  }
},
{
  "model": "medical.medicalrecord",
  "pk": 2,
  "fields": {
    "student": 27,
    "date": "2026-02-08T11:24:10.468Z",
    "nurse": null,
    "diagnosis": "Headache",
    "treatment_given": "Painkilers",
    "notes": "N/A"
  }
}
]
